"Monthly sales of food with taxes and tips, for all purchasers, by outlet type",,,,,,,,,,,,,,,,,,,,,,,,,,,,,,,,,,,,,,,,,,,,,,,,,,,,,,,,,,
Year,Month,Food-at-home sales at grocery stores (millions of nominal U.S. dollars),Food-at-home sales at warehouse clubs and supercenters (millions of nominal U.S. dollars),Other food-at-home sales (millions of nominal U.S. dollars),Total food-at-home sales (millions of nominal U.S. dollars),Food sales at full-service restaurants (millions of nominal U.S. dollars),Food sales at limited-service restaurants (millions of nominal U.S. dollars),Other food-away-from-home sales (millions of nominal U.S. dollars),Total food-away-from-home sales (millions of nominal U.S. dollars),Total food sales (millions of nominal U.S. dollars),Food sales at grocery stores (millions of constant U.S. dollars (1988=100)),Food sales at warehouse club and supercenter (millions of constant U.S. dollars (1988=100)),Other food-at-home sales (millions of constant U.S. dollars (1988=100)),Total food-at-home sales (millions of constant U.S. dollars (1988=100)),Food sales at full-service restaurants (millions of constant U.S. dollars (1988=100)),Food sales at limited-service restaurant (millions of constant U.S. dollars (1988=100)),Other food-away-from-home sales (millions of constant U.S. dollars (1988=100)),Total food-away-from-home sales (millions of constant U.S. dollars (1988=100)),Total food sales (millions of constant U.S. dollars (1988=100)),,,,,,,,,,,,,,,,,,,,,,,,,,,,,,,,,,,,,,,
2024,December,"53,508.70","27,638.43","17,470.23","98,617.36","49,109.64","44,980.43","22,796.67","116,886.70","215,504.10","20,233.37","10,452.11","6,606.61","37,292.09","15,968.79","14,623.75","7,411.56","38,004.10","75,296.19",,,,,,,,,,,,,,,,,,,,,,,,,,,,,,,,,,,,,,,
2024,November,"51,907.11","24,328.66","15,512.88","91,748.65","46,314.84","44,311.91","22,347.16","112,973.90","204,722.60","19,653.77","9,212.64","5,874.26","34,740.67","15,104.93","14,449.37","7,287.15","36,841.45","71,582.12",,,,,,,,,,,,,,,,,,,,,,,,,,,,,,,,,,,,,,,
2024,October,"51,349.68","23,279.29","15,250.78","89,879.75","46,335.73","46,825.90","22,793.14","115,954.80","205,834.50","19,428.32","8,808.75","5,770.76","34,007.83","15,154.10","15,311.94","7,453.47","37,919.51","71,927.34",,,,,,,,,,,,,,,,,,,,,,,,,,,,,,,,,,,,,,,
2024,September,"49,193.49","21,906.63","13,987.02","85,087.14","44,877.04","44,574.77","22,187.63","111,639.40","196,726.60","18,638.70","8,301.00","5,300.03","32,239.73","14,711.87","14,610.42","7,272.67","36,594.96","68,834.69",,,,,,,,,,,,,,,,,,,,,,,,,,,,,,,,,,,,,,,
2024,August,"51,375.86","24,113.02","14,548.53","90,037.41","48,088.59","48,359.83","23,034.21","119,482.60","209,520.00","19,552.29","9,177.77","5,537.34","34,267.40","15,818.17","15,904.82","7,575.77","39,298.76","73,566.16",,,,,,,,,,,,,,,,,,,,,,,,,,,,,,,,,,,,,,,
2024,July,"51,359.58","23,054.16","14,908.38","89,322.12","46,368.86","48,172.69","22,699.29","117,240.80","206,563.00","19,530.73","8,767.85","5,669.86","33,968.44","15,292.33","15,884.66","7,485.16","38,662.15","72,630.59",,,,,,,,,,,,,,,,,,,,,,,,,,,,,,,,,,,,,,,
2024,June,"49,700.70","22,983.01","14,326.67","87,010.38","46,791.98","47,533.37","22,709.71","117,035.10","204,045.40","18,954.98","8,766.27","5,464.49","33,185.74","15,463.98","15,706.47","7,504.15","38,674.60","71,860.34",,,,,,,,,,,,,,,,,,,,,,,,,,,,,,,,,,,,,,,
2024,May,"51,557.66","23,507.69","15,219.53","90,284.88","48,336.92","48,683.27","23,448.99","120,469.20","210,754.10","19,667.88","8,968.54","5,806.44","34,442.86","16,040.58","16,152.91","7,780.45","39,973.94","74,416.80",,,,,,,,,,,,,,,,,,,,,,,,,,,,,,,,,,,,,,,
2024,April,"47,487.91","21,438.86","14,659.33","83,586.10","44,849.51","46,274.21","22,415.77","113,539.50","197,125.60","18,113.73","8,178.50","5,592.19","31,884.42","14,935.60","15,407.56","7,463.81","37,806.97","69,691.39",,,,,,,,,,,,,,,,,,,,,,,,,,,,,,,,,,,,,,,
2024,March,"50,386.89","23,154.13","14,254.32","87,795.34","47,589.65","47,009.80","22,804.16","117,403.60","205,199.00","19,237.19","8,840.96","5,442.70","33,520.85","15,903.19","15,706.89","7,619.46","39,229.54","72,750.39",,,,,,,,,,,,,,,,,,,,,,,,,,,,,,,,,,,,,,,
2024,February,"46,577.48","20,611.33","13,324.54","80,513.35","43,548.90","42,481.58","21,272.82","107,303.30","187,816.70","17,780.29","7,868.94","5,086.99","30,736.22","14,590.90","14,231.01","7,126.37","35,948.28","66,684.50",,,,,,,,,,,,,,,,,,,,,,,,,,,,,,,,,,,,,,,
2024,January,"49,048.46","20,432.54","13,405.97","82,886.97","40,530.83","41,443.09","21,056.21","103,030.10","185,917.10","18,750.07","7,811.73","5,125.37","31,687.17","13,592.68","13,896.38","7,060.61","34,549.67","66,236.84",,,,,,,,,,,,,,,,,,,,,,,,,,,,,,,,,,,,,,,
2023,December,"52,795.03","27,669.25","16,495.35","96,959.63","47,977.76","44,634.86","22,349.51","114,962.10","211,921.80","20,316.50","10,648.26","6,348.08","37,312.84","16,166.60","15,039.38","7,530.36","38,736.34","76,049.18",,,,,,,,,,,,,,,,,,,,,,,,,,,,,,,,,,,,,,,
2023,November,"50,139.72","23,381.20","15,844.84","89,365.76","41,988.63","42,040.32","21,769.12","105,798.10","195,163.80","19,280.75","8,991.55","6,093.37","34,365.67","14,194.87","14,211.59","7,358.88","35,765.34","70,131.01",,,,,,,,,,,,,,,,,,,,,,,,,,,,,,,,,,,,,,,
2023,October,"49,072.73","22,538.25","15,129.83","86,740.81","43,531.25","44,256.73","22,205.25","109,993.20","196,734.00","18,773.62","8,622.91","5,788.56","33,185.09","14,780.31","15,025.84","7,538.93","37,345.08","70,530.17",,,,,,,,,,,,,,,,,,,,,,,,,,,,,,,,,,,,,,,
2023,September,"48,458.84","21,659.77","14,463.84","84,582.45","42,978.87","43,693.82","22,189.75","108,862.40","193,444.90","18,591.41","8,310.34","5,549.48","32,451.23","14,647.29","14,890.17","7,561.82","37,099.28","69,550.51",,,,,,,,,,,,,,,,,,,,,,,,,,,,,,,,,,,,,,,
2023,August,"49,846.00","23,244.70","14,987.85","88,078.55","44,162.67","45,372.95","22,469.45","112,005.10","200,083.60","19,136.75","8,924.57","5,754.48","33,815.80","15,110.12","15,523.40","7,687.35","38,320.87","72,136.67",,,,,,,,,,,,,,,,,,,,,,,,,,,,,,,,,,,,,,,
2023,July,"49,917.00","22,575.27","14,445.98","86,938.25","44,836.00","46,250.97","21,936.29","113,023.30","199,961.50","19,180.50","8,675.01","5,551.22","33,406.73","15,393.28","15,878.24","7,530.76","38,802.28","72,209.01",,,,,,,,,,,,,,,,,,,,,,,,,,,,,,,,,,,,,,,
2023,June,"48,680.87","22,304.89","14,520.37","85,506.13","44,325.04","45,414.61","22,176.39","111,916.00","197,422.20","18,774.81","8,602.86","5,600.46","32,978.13","15,244.36","15,618.27","7,626.45","38,489.08","71,467.21",,,,,,,,,,,,,,,,,,,,,,,,,,,,,,,,,,,,,,,
2023,May,"50,183.57","22,728.61","14,877.77","87,789.95","44,617.21","45,641.05","22,483.85","112,742.10","200,532.10","19,341.56","8,760.49","5,734.52","33,836.57","15,403.68","15,756.32","7,761.83","38,921.83","72,758.40",,,,,,,,,,,,,,,,,,,,,,,,,,,,,,,,,,,,,,,
2023,April,"48,094.83","21,890.14","13,829.68","83,814.65","41,931.89","43,714.11","21,734.36","107,380.40","191,195.00","18,549.22","8,443.09","5,334.20","32,326.51","14,544.81","15,162.21","7,538.46","37,245.48","69,571.99",,,,,,,,,,,,,,,,,,,,,,,,,,,,,,,,,,,,,,,
2023,March,"49,012.87","21,007.55","14,401.70","84,422.12","43,933.64","44,277.03","21,777.30","109,988.00","194,410.10","18,928.96","8,113.68","5,562.39","32,605.03","15,295.46","15,414.20","7,581.25","38,290.91","70,895.94",,,,,,,,,,,,,,,,,,,,,,,,,,,,,,,,,,,,,,,
2023,February,"44,853.47","19,593.17","12,819.74","77,266.38","39,018.35","38,243.05","19,964.59","97,225.99","174,492.40","17,290.23","7,553.27","4,942.14","29,785.64","13,665.23","13,393.00","6,991.65","34,049.88","63,835.52",,,,,,,,,,,,,,,,,,,,,,,,,,,,,,,,,,,,,,,
2023,January,"48,289.71","20,393.10","13,306.95","81,989.76","40,218.39","39,209.71","19,979.58","99,407.68","181,397.40","18,679.56","7,888.98","5,147.81","31,716.35","14,174.84","13,818.61","7,041.26","35,034.71","66,751.06",,,,,,,,,,,,,,,,,,,,,,,,,,,,,,,,,,,,,,,
2022,December,"52,862.18","27,427.54","16,216.89","96,506.61","42,530.44","40,125.64","21,297.42","103,953.50","200,460.10","20,613.59","10,707.74","6,327.19","37,648.52","15,085.28","14,229.25","7,554.97","36,869.50","74,518.02",,,,,,,,,,,,,,,,,,,,,,,,,,,,,,,,,,,,,,,
2022,November,"49,922.67","24,038.79","15,592.14","89,553.60","37,705.30","38,363.11","20,659.79","96,728.20","186,281.80","19,519.86","9,410.09","6,100.39","35,030.34","13,424.36","13,655.62","7,356.51","34,436.49","69,466.83",,,,,,,,,,,,,,,,,,,,,,,,,,,,,,,,,,,,,,,
2022,October,"49,286.64","22,493.91","14,867.06","86,647.61","40,959.91","41,100.88","21,130.03","103,190.80","189,838.40","19,263.62","8,801.89","5,814.82","33,880.33","14,657.37","14,704.65","7,562.32","36,924.34","70,804.67",,,,,,,,,,,,,,,,,,,,,,,,,,,,,,,,,,,,,,,
2022,September,"47,587.95","21,044.30","14,215.81","82,848.06","39,448.38","39,677.76","20,589.50","99,715.64","182,563.70","18,701.85","8,279.89","5,590.85","32,572.59","14,248.82","14,328.59","7,437.94","36,015.35","68,587.94",,,,,,,,,,,,,,,,,,,,,,,,,,,,,,,,,,,,,,,
2022,August,"48,639.25","22,203.45","15,053.71","85,896.41","40,743.66","41,894.61","20,655.64","103,293.90","189,190.30","19,229.30","8,788.19","5,955.52","33,973.01","14,855.69","15,272.06","7,532.42","37,660.17","71,633.18",,,,,,,,,,,,,,,,,,,,,,,,,,,,,,,,,,,,,,,
2022,July,"49,292.32","22,140.71","15,097.02","86,530.05","40,752.79","42,531.52","20,846.75","104,131.10","190,661.10","19,622.85","8,824.23","6,014.27","34,461.35","14,987.73","15,638.53","7,667.97","38,294.23","72,755.58",,,,,,,,,,,,,,,,,,,,,,,,,,,,,,,,,,,,,,,
2022,June,"48,083.43","21,906.01","15,346.94","85,336.38","39,804.25","41,353.28","21,206.84","102,364.40","187,700.80","19,412.47","8,854.24","6,200.17","34,466.88","14,741.61","15,312.00","7,855.09","37,908.70","72,375.58",,,,,,,,,,,,,,,,,,,,,,,,,,,,,,,,,,,,,,,
2022,May,"48,316.98","21,402.54","15,644.73","85,364.25","41,566.72","41,567.02","21,135.98","104,269.70","189,634.00","19,706.70","8,739.41","6,385.42","34,831.53","15,539.86","15,536.63","7,902.82","38,979.31","73,810.84",,,,,,,,,,,,,,,,,,,,,,,,,,,,,,,,,,,,,,,
2022,April,"46,205.16","20,515.27","14,668.01","81,388.44","40,128.46","39,619.76","20,143.09","99,891.31","181,279.80","19,098.64","8,489.68","6,067.25","33,655.57","15,113.12","14,918.32","7,587.27","37,618.71","71,274.28",,,,,,,,,,,,,,,,,,,,,,,,,,,,,,,,,,,,,,,
2022,March,"46,491.23","21,517.18","14,301.38","82,309.79","39,168.78","39,091.32","19,563.04","97,823.14","180,132.90","19,461.67","9,017.72","5,990.73","34,470.12","14,837.43","14,804.91","7,411.65","37,053.99","71,524.11",,,,,,,,,,,,,,,,,,,,,,,,,,,,,,,,,,,,,,,
2022,February,"42,295.99","17,904.20","12,470.36","72,670.55","33,843.32","33,469.71","17,252.60","84,565.63","157,236.20","17,966.28","7,614.06","5,301.26","30,881.60","12,852.43","12,707.81","6,552.75","32,112.99","62,994.59",,,,,,,,,,,,,,,,,,,,,,,,,,,,,,,,,,,,,,,
2022,January,"46,366.30","19,786.01","12,354.77","78,507.08","31,675.45","33,707.08","16,983.13","82,365.66","160,872.70","19,975.86","8,534.22","5,327.11","33,837.19","12,082.21","12,854.38","6,478.94","31,415.53","65,252.72",,,,,,,,,,,,,,,,,,,,,,,,,,,,,,,,,,,,,,,
2021,December,"48,916.46","24,483.83","17,151.45","90,551.74","37,008.14","36,198.71","19,909.16","93,116.01","183,667.80","21,327.01","10,681.73","7,483.84","39,492.58","14,225.08","13,897.18","7,653.20","35,775.46","75,268.04",,,,,,,,,,,,,,,,,,,,,,,,,,,,,,,,,,,,,,,
2021,November,"45,749.16","21,818.54","15,791.51","83,359.21","33,909.76","34,581.01","19,427.98","87,918.75","171,278.00","20,033.78","9,560.77","6,920.94","36,515.49","13,112.26","13,355.70","7,513.16","33,981.12","70,496.61",,,,,,,,,,,,,,,,,,,,,,,,,,,,,,,,,,,,,,,
2021,October,"46,050.73","20,625.63","14,646.72","81,323.08","36,718.95","36,285.15","19,931.50","92,935.60","174,258.70","20,234.66","9,068.89","6,441.59","35,745.14","14,284.05","14,098.28","7,754.21","36,136.54","71,881.68",,,,,,,,,,,,,,,,,,,,,,,,,,,,,,,,,,,,,,,
2021,September,"44,289.62","18,700.88","13,825.11","76,815.61","34,671.46","34,870.19","19,366.78","88,908.43","165,724.00","19,667.00","8,309.71","6,144.89","34,121.60","13,600.14","13,661.61","7,597.46","34,859.21","68,980.81",,,,,,,,,,,,,,,,,,,,,,,,,,,,,,,,,,,,,,,
2021,August,"45,143.15","20,266.42","14,085.08","79,494.65","36,517.07","36,866.71","19,356.04","92,739.82","172,234.50","20,267.44","9,104.82","6,329.43","35,701.69","14,400.96","14,521.32","7,634.27","36,556.55","72,258.24",,,,,,,,,,,,,,,,,,,,,,,,,,,,,,,,,,,,,,,
2021,July,"45,510.88","19,946.35","13,871.61","79,328.84","38,438.91","38,103.46","18,632.70","95,175.07","174,503.90","20,495.88","8,988.81","6,252.98","35,737.67","15,223.48","15,072.44","7,380.49","37,676.41","73,414.08",,,,,,,,,,,,,,,,,,,,,,,,,,,,,,,,,,,,,,,
2021,June,"43,956.75","19,429.10","14,140.27","77,526.12","36,195.02","36,488.96","17,905.89","90,589.87","168,116.00","19,919.79","8,810.47","6,413.72","35,143.98","14,446.85","14,546.62","7,148.13","36,141.60","71,285.58",,,,,,,,,,,,,,,,,,,,,,,,,,,,,,,,,,,,,,,
2021,May,"44,985.25","19,938.01","13,971.80","78,895.06","36,060.45","36,596.73","17,351.95","90,009.13","168,904.20","20,537.13","9,108.34","6,384.46","36,029.93","14,495.25","14,693.09","6,976.33","36,164.67","72,194.60",,,,,,,,,,,,,,,,,,,,,,,,,,,,,,,,,,,,,,,
2021,April,"42,115.96","18,950.99","13,962.48","75,029.43","31,916.67","35,470.96","16,160.37","83,548.00","158,577.40","19,284.28","8,683.12","6,398.85","34,366.25","12,900.22","14,319.53","6,533.77","33,753.52","68,119.77",,,,,,,,,,,,,,,,,,,,,,,,,,,,,,,,,,,,,,,
2021,March,"42,887.70","20,562.20","13,775.96","77,225.86","30,319.73","35,039.86","15,647.85","81,007.44","158,233.30","19,756.21","9,478.25","6,351.41","35,585.87","12,292.31","14,188.84","6,346.25","32,827.40","68,413.27",,,,,,,,,,,,,,,,,,,,,,,,,,,,,,,,,,,,,,,
2021,February,"39,209.70","15,913.08","11,422.34","66,545.12","22,934.81","27,705.79","13,697.33","64,337.93","130,883.10","18,098.76","7,350.16","5,277.73","30,726.65","9,309.34","11,232.35","5,561.54","26,103.23","56,829.88",,,,,,,,,,,,,,,,,,,,,,,,,,,,,,,,,,,,,,,
2021,January,"43,102.50","17,794.69","11,691.83","72,589.02","22,831.36","30,555.97","13,862.68","67,250.01","139,839.00","19,943.69","8,239.12","5,415.53","33,598.34","9,272.22","12,394.37","5,632.48","27,299.07","60,897.41",,,,,,,,,,,,,,,,,,,,,,,,,,,,,,,,,,,,,,,
2020,December,"44,159.60","21,851.20","15,181.02","81,191.82","22,060.77","30,596.65","16,183.87","68,841.29","150,033.10","20,495.36","10,075.79","7,113.90","37,685.05","8,975.36","12,455.21","6,584.53","28,015.10","65,700.15",,,,,,,,,,,,,,,,,,,,,,,,,,,,,,,,,,,,,,,
2020,November,"42,163.24","19,482.47","13,413.42","75,059.13","22,494.56","29,127.59","15,846.11","67,468.26","142,527.40","19,634.92","9,062.36","6,259.00","34,956.28","9,186.09","11,901.55","6,471.44","27,559.08","62,515.36",,,,,,,,,,,,,,,,,,,,,,,,,,,,,,,,,,,,,,,
2020,October,"42,108.04","18,488.95","13,808.16","74,405.15","26,061.20","32,001.79","16,860.06","74,923.05","149,328.20","19,490.13","8,565.45","6,385.70","34,441.28","10,655.45","13,091.76","6,893.94","30,641.15","65,082.43",,,,,,,,,,,,,,,,,,,,,,,,,,,,,,,,,,,,,,,
2020,September,"40,744.06","17,045.30","13,255.43","71,044.79","24,668.81","30,734.79","16,338.34","71,741.94","142,786.70","18,901.41","7,904.42","6,154.28","32,960.11","10,113.76","12,607.84","6,698.87","29,420.47","62,380.58",,,,,,,,,,,,,,,,,,,,,,,,,,,,,,,,,,,,,,,
2020,August,"42,257.57","18,470.46","13,364.38","74,092.41","25,430.76","32,090.45","16,288.47","73,809.68","147,902.10","19,527.17","8,521.46","6,191.48","34,240.11","10,484.13","13,237.16","6,715.47","30,436.76","64,676.87",,,,,,,,,,,,,,,,,,,,,,,,,,,,,,,,,,,,,,,
2020,July,"43,887.78","18,101.88","13,621.10","75,610.76","23,666.18","32,291.48","15,667.63","71,625.29","147,236.10","20,263.55","8,355.69","6,293.35","34,912.59","9,784.41","13,357.98","6,477.62","29,620.01","64,532.60",,,,,,,,,,,,,,,,,,,,,,,,,,,,,,,,,,,,,,,
2020,June,"42,001.83","17,652.54","13,091.06","72,745.43","22,096.69","30,731.70","14,344.94","67,173.33","139,918.80","19,204.28","8,072.41","5,986.36","33,263.05","9,178.53","12,772.57","5,958.57","27,909.67","61,172.72",,,,,,,,,,,,,,,,,,,,,,,,,,,,,,,,,,,,,,,
2020,May,"45,081.96","18,376.90","12,710.63","76,169.49","15,137.83","28,235.84","12,896.91","56,270.58","132,440.10","20,711.26","8,452.18","5,831.99","34,995.43","6,320.50","11,796.00","5,384.23","23,500.73","58,496.16",,,,,,,,,,,,,,,,,,,,,,,,,,,,,,,,,,,,,,,
2020,April,"42,658.66","16,638.27","11,306.53","70,603.46","8,879.52","21,248.28","11,190.68","41,318.48","111,921.90","19,762.25","7,749.30","5,198.53","32,710.08","3,721.12","8,909.51","4,689.07","17,319.70","50,029.78",,,,,,,,,,,,,,,,,,,,,,,,,,,,,,,,,,,,,,,
2020,March,"48,979.65","19,222.05","12,744.34","80,946.04","20,863.09","25,855.45","16,109.00","62,827.54","143,773.60","23,297.13","9,191.92","6,015.22","38,504.27","8,755.79","10,857.12","6,761.25","26,374.16","64,878.43",,,,,,,,,,,,,,,,,,,,,,,,,,,,,,,,,,,,,,,
2020,February,"36,573.85","15,745.49","11,943.12","64,262.46","32,125.53","29,028.62","17,913.29","79,067.44","143,329.90","17,475.37","7,519.63","5,712.15","30,707.15","13,502.63","12,207.89","7,530.76","33,241.28","63,948.43",,,,,,,,,,,,,,,,,,,,,,,,,,,,,,,,,,,,,,,
2020,January,"38,556.23","15,692.54","12,295.49","66,544.26","31,074.85","29,089.44","18,198.98","78,363.27","144,907.50","18,494.11","7,535.86","5,890.98","31,920.95","13,090.11","12,260.71","7,667.79","33,018.61","64,939.56",,,,,,,,,,,,,,,,,,,,,,,,,,,,,,,,,,,,,,,
2019,December,"40,371.38","20,943.37","15,145.03","76,459.78","31,676.48","29,838.55","18,558.85","80,073.88","156,533.70","19,471.35","10,001.56","7,404.27","36,877.18","13,394.38","12,617.55","7,848.44","33,860.37","70,737.55",,,,,,,,,,,,,,,,,,,,,,,,,,,,,,,,,,,,,,,
2019,November,"39,222.04","18,591.02","13,685.22","71,498.28","29,093.72","29,171.26","18,338.13","76,603.11","148,101.40","18,918.90","8,945.29","6,623.43","34,487.62","12,337.51","12,370.72","7,777.28","32,485.51","66,973.13",,,,,,,,,,,,,,,,,,,,,,,,,,,,,,,,,,,,,,,
2019,October,"38,470.88","16,839.44","13,793.88","69,104.20","29,675.05","30,522.14","19,121.96","79,319.15","148,423.40","18,509.55","8,117.84","6,620.97","33,248.36","12,604.39","12,964.54","8,122.81","33,691.74","66,940.10",,,,,,,,,,,,,,,,,,,,,,,,,,,,,,,,,,,,,,,
2019,September,"37,049.75","15,679.72","13,043.73","65,773.20","28,723.57","29,499.30","18,764.52","76,987.39","142,760.60","17,884.62","7,589.19","6,276.32","31,750.13","12,223.48","12,553.93","7,986.14","32,763.55","64,513.68",,,,,,,,,,,,,,,,,,,,,,,,,,,,,,,,,,,,,,,
2019,August,"39,623.04","17,679.18","13,716.71","71,018.93","31,675.98","32,150.12","19,601.28","83,427.38","154,446.30","19,157.73","8,538.80","6,641.28","34,337.81","13,514.79","13,717.45","8,363.89","35,596.13","69,933.94",,,,,,,,,,,,,,,,,,,,,,,,,,,,,,,,,,,,,,,
2019,July,"39,294.05","16,838.32","13,686.33","69,818.70","31,005.23","31,962.67","19,106.69","82,074.59","151,893.30","18,982.45","8,143.51","6,602.71","33,728.67","13,257.21","13,666.96","8,170.48","35,094.65","68,823.32",,,,,,,,,,,,,,,,,,,,,,,,,,,,,,,,,,,,,,,
2019,June,"38,219.55","16,888.06","13,287.89","68,395.50","31,210.97","31,470.61","19,111.33","81,792.91","150,188.40","18,459.70","8,170.20","6,404.68","33,034.58","13,372.17","13,483.77","8,188.99","35,044.93","68,079.51",,,,,,,,,,,,,,,,,,,,,,,,,,,,,,,,,,,,,,,
2019,May,"39,507.96","17,270.34","13,942.79","70,721.09","31,968.38","31,753.82","19,302.98","83,025.18","153,746.30","19,023.84","8,320.12","6,709.76","34,053.72","13,741.24","13,649.38","8,298.03","35,688.65","69,742.37",,,,,,,,,,,,,,,,,,,,,,,,,,,,,,,,,,,,,,,
2019,April,"37,207.89","16,184.08","13,191.54","66,583.51","29,349.94","30,123.80","18,348.32","77,822.06","144,405.60","17,936.08","7,811.97","6,348.72","32,096.77","12,642.32","12,976.00","7,904.25","33,522.57","65,619.34",,,,,,,,,,,,,,,,,,,,,,,,,,,,,,,,,,,,,,,
2019,March,"38,084.71","16,868.47","12,969.68","67,922.86","31,055.11","31,170.07","18,299.80","80,524.98","148,447.80","18,307.52","8,123.65","6,219.86","32,651.03","13,420.04","13,470.08","7,908.85","34,798.97","67,450.00",,,,,,,,,,,,,,,,,,,,,,,,,,,,,,,,,,,,,,,
2019,February,"34,203.24","14,503.19","11,722.16","60,428.59","27,258.61","26,231.11","16,403.51","69,893.23","130,321.80","16,475.50","6,999.28","5,633.46","29,108.24","11,800.96","11,356.43","7,102.24","30,259.63","59,367.87",,,,,,,,,,,,,,,,,,,,,,,,,,,,,,,,,,,,,,,
2019,January,"38,314.16","15,041.39","12,376.36","65,731.91","27,238.81","26,503.12","16,418.29","70,160.22","135,892.10","18,507.39","7,296.19","5,947.92","31,751.50","11,834.15","11,514.83","7,133.82","30,482.80","62,234.30",,,,,,,,,,,,,,,,,,,,,,,,,,,,,,,,,,,,,,,
2018,December,"39,205.58","20,584.63","15,123.66","74,913.87","30,348.33","28,728.88","18,473.08","77,550.29","152,464.20","19,048.28","9,873.83","7,475.38","36,397.49","13,230.10","12,525.51","8,053.67","33,809.28","70,206.77",,,,,,,,,,,,,,,,,,,,,,,,,,,,,,,,,,,,,,,
2018,November,"37,435.55","17,926.58","14,253.82","69,615.95","26,865.24","27,878.04","18,001.02","72,744.30","142,360.30","18,236.71","8,701.38","6,975.39","33,913.48","11,758.52","12,203.16","7,879.18","31,840.86","65,754.34",,,,,,,,,,,,,,,,,,,,,,,,,,,,,,,,,,,,,,,
2018,October,"36,958.61","16,175.94","14,090.89","67,225.44","27,879.64","29,037.59","18,667.80","75,585.03","142,810.50","17,964.59","7,881.53","6,830.46","32,676.58","12,237.37","12,747.05","8,194.39","33,178.81","65,855.39",,,,,,,,,,,,,,,,,,,,,,,,,,,,,,,,,,,,,,,
2018,September,"36,165.55","15,434.20","13,304.92","64,904.67","27,287.61","27,968.58","18,344.05","73,600.24","138,504.90","17,561.31","7,517.84","6,437.43","31,516.58","11,988.52","12,289.07","8,059.69","32,337.28","63,853.86",,,,,,,,,,,,,,,,,,,,,,,,,,,,,,,,,,,,,,,
2018,August,"37,515.98","16,790.07","13,976.37","68,282.42","29,959.26","30,316.02","19,203.59","79,478.87","147,761.30","18,225.41","8,144.81","6,801.74","33,171.96","13,191.31","13,349.88","8,455.95","34,997.14","68,169.10",,,,,,,,,,,,,,,,,,,,,,,,,,,,,,,,,,,,,,,
2018,July,"37,308.27","16,169.28","13,698.79","67,176.34","29,677.20","30,254.94","18,871.46","78,803.60","145,979.90","18,139.24","7,878.81","6,643.10","32,661.15","13,091.87","13,348.21","8,325.44","34,765.52","67,426.67",,,,,,,,,,,,,,,,,,,,,,,,,,,,,,,,,,,,,,,
2018,June,"36,857.20","16,335.34","13,653.31","66,845.85","30,035.73","29,781.53","18,949.59","78,766.85","145,612.70","17,969.53","7,983.41","6,637.49","32,590.43","13,265.25","13,154.45","8,369.54","34,789.24","67,379.67",,,,,,,,,,,,,,,,,,,,,,,,,,,,,,,,,,,,,,,
2018,May,"38,086.64","16,300.06","14,186.31","68,573.01","30,167.96","29,634.26","19,073.38","78,875.60","147,448.60","18,558.93","7,945.77","6,909.78","33,414.48","13,347.90","13,113.22","8,439.55","34,900.67","68,315.15",,,,,,,,,,,,,,,,,,,,,,,,,,,,,,,,,,,,,,,
2018,April,"35,191.38","14,995.76","13,105.22","63,292.36","28,155.79","27,520.26","18,078.03","73,754.08","137,046.40","17,087.99","7,297.05","6,348.12","30,733.16","12,499.11","12,218.33","8,025.78","32,743.22","63,476.38",,,,,,,,,,,,,,,,,,,,,,,,,,,,,,,,,,,,,,,
2018,March,"37,715.98","16,555.91","13,726.59","67,998.48","29,897.11","28,707.07","18,296.80","76,900.98","144,899.50","18,388.23","8,084.26","6,679.90","33,152.39","13,304.13","12,775.98","8,142.50","34,222.61","67,375.00",,,,,,,,,,,,,,,,,,,,,,,,,,,,,,,,,,,,,,,
2018,February,"33,452.13","14,345.73","12,193.75","59,991.61","25,887.54","24,491.05","16,519.28","66,897.87","126,889.50","16,307.22","7,020.01","5,917.53","29,244.76","11,532.44","10,911.54","7,359.48","29,803.46","59,048.22",,,,,,,,,,,,,,,,,,,,,,,,,,,,,,,,,,,,,,,
2018,January,"36,069.05","14,365.97","12,866.53","63,301.55","25,742.24","24,788.85","16,413.19","66,944.28","130,245.80","17,536.14","7,019.35","6,220.71","30,776.20","11,495.58","11,071.06","7,329.98","29,896.62","60,672.82",,,,,,,,,,,,,,,,,,,,,,,,,,,,,,,,,,,,,,,
2017,December,"38,974.54","20,172.41","15,747.48","74,894.43","30,004.21","26,703.98","18,471.43","75,179.62","150,074.10","19,048.39","9,758.15","7,797.76","36,604.30","13,445.53","11,966.43","8,277.90","33,689.86","70,294.16",,,,,,,,,,,,,,,,,,,,,,,,,,,,,,,,,,,,,,,
2017,November,"36,427.32","16,966.59","14,091.71","67,485.62","25,798.50","25,236.79","17,622.75","68,658.04","136,143.70","17,816.62","8,255.31","6,935.71","33,007.64","11,588.95","11,336.45","7,916.75","30,842.15","63,849.79",,,,,,,,,,,,,,,,,,,,,,,,,,,,,,,,,,,,,,,
2017,October,"35,660.92","15,503.71","13,651.79","64,816.42","26,391.01","26,666.22","18,144.64","71,201.87","136,018.30","17,358.76","7,566.21","6,626.28","31,551.25","11,876.76","12,000.42","8,166.09","32,043.27","63,594.52",,,,,,,,,,,,,,,,,,,,,,,,,,,,,,,,,,,,,,,
2017,September,"35,340.07","14,938.38","13,360.95","63,639.40","25,905.33","26,174.28","18,068.63","70,148.24","133,787.60","17,232.43","7,304.02","6,495.60","31,032.05","11,671.34","11,792.32","8,141.05","31,604.71","62,636.76",,,,,,,,,,,,,,,,,,,,,,,,,,,,,,,,,,,,,,,
2017,August,"35,977.57","15,781.76","13,613.38","65,372.71","26,817.10","27,767.70","18,274.04","72,858.84","138,231.60","17,564.22","7,690.39","6,660.68","31,915.29","12,119.37","12,548.78","8,259.00","32,927.15","64,842.44",,,,,,,,,,,,,,,,,,,,,,,,,,,,,,,,,,,,,,,
2017,July,"36,036.41","15,489.38","13,226.54","64,752.33","26,954.45","27,889.60","18,200.82","73,044.87","137,797.20","17,584.85","7,573.25","6,439.76","31,597.86","12,221.04","12,644.83","8,252.64","33,118.51","64,716.37",,,,,,,,,,,,,,,,,,,,,,,,,,,,,,,,,,,,,,,
2017,June,"35,431.84","15,439.79","13,366.58","64,238.21","27,137.79","27,680.31","18,319.42","73,137.52","137,375.70","17,337.21","7,570.87","6,524.81","31,432.89","12,323.61","12,569.77","8,319.55","33,212.93","64,645.82",,,,,,,,,,,,,,,,,,,,,,,,,,,,,,,,,,,,,,,
2017,May,"36,474.96","15,549.18","13,682.45","65,706.59","27,968.75","27,943.54","18,504.29","74,416.58","140,123.20","17,798.03","7,600.32","6,663.71","32,062.06","12,705.55","12,693.90","8,406.54","33,805.99","65,868.05",,,,,,,,,,,,,,,,,,,,,,,,,,,,,,,,,,,,,,,
2017,April,"35,170.53","15,120.62","13,043.32","63,334.47","27,572.86","26,774.10","18,039.77","72,386.73","135,721.20","17,172.10","7,394.44","6,357.05","30,923.59","12,547.98","12,184.29","8,210.08","32,942.35","63,865.94",,,,,,,,,,,,,,,,,,,,,,,,,,,,,,,,,,,,,,,
2017,March,"35,806.63","15,115.33","13,306.33","64,228.29","28,564.88","27,581.06","18,026.36","74,172.30","138,400.60","17,523.84","7,400.18","6,509.82","31,433.84","13,028.50","12,579.58","8,222.33","33,830.41","65,264.25",,,,,,,,,,,,,,,,,,,,,,,,,,,,,,,,,,,,,,,
2017,February,"32,510.54","13,964.96","11,921.82","58,397.32","25,351.20","23,906.61","16,534.46","65,792.27","124,189.60","15,933.33","6,872.72","5,814.67","28,620.72","11,581.34","10,921.22","7,553.95","30,056.51","58,677.23",,,,,,,,,,,,,,,,,,,,,,,,,,,,,,,,,,,,,,,
2017,January,"34,896.61","13,951.69","12,403.50","61,251.80","25,437.71","24,489.17","16,479.35","66,406.23","127,658.00","17,142.58","6,887.93","6,059.13","30,089.64","11,644.75","11,210.35","7,544.26","30,399.36","60,489.00",,,,,,,,,,,,,,,,,,,,,,,,,,,,,,,,,,,,,,,
2016,December,"37,203.77","19,056.81","14,774.48","71,035.06","27,544.30","25,293.73","16,402.05","69,240.08","140,275.10","18,341.34","9,283.36","7,391.09","35,015.79","12,654.92","11,622.06","7,537.10","31,814.08","66,829.87",,,,,,,,,,,,,,,,,,,,,,,,,,,,,,,,,,,,,,,
2016,November,"34,784.42","16,092.07","12,841.20","63,717.69","24,378.79","24,428.60","15,694.41","64,501.80","128,219.50","17,114.88","7,889.74","6,342.39","31,347.01","11,217.70","11,241.72","7,222.88","29,682.30","61,029.31",,,,,,,,,,,,,,,,,,,,,,,,,,,,,,,,,,,,,,,
2016,October,"34,712.44","15,021.63","12,709.94","62,444.01","25,521.23","25,304.18","16,294.02","67,119.43","129,563.40","16,992.33","7,373.20","6,198.14","30,563.67","11,754.04","11,655.22","7,505.65","30,914.91","61,478.58",,,,,,,,,,,,,,,,,,,,,,,,,,,,,,,,,,,,,,,
2016,September,"33,896.54","13,887.46","12,530.25","60,314.25","24,632.34","24,688.77","16,218.81","65,539.92","125,854.20","16,594.68","6,812.85","6,116.81","29,524.34","11,359.99","11,387.13","7,481.08","30,228.20","59,752.54",,,,,,,,,,,,,,,,,,,,,,,,,,,,,,,,,,,,,,,
2016,August,"34,593.42","15,139.05","12,760.66","62,493.13","25,361.77","26,136.93","16,182.75","67,681.45","130,174.60","16,938.12","7,400.99","6,255.92","30,595.03","11,716.48","12,075.77","7,477.29","31,269.54","61,864.57",,,,,,,,,,,,,,,,,,,,,,,,,,,,,,,,,,,,,,,
2016,July,"35,201.02","15,162.51","12,771.17","63,134.70","25,962.64","26,510.98","16,327.72","68,801.34","131,936.00","17,227.02","7,440.26","6,226.41","30,893.69","12,021.34","12,276.44","7,561.43","31,859.21","62,752.90",,,,,,,,,,,,,,,,,,,,,,,,,,,,,,,,,,,,,,,
2016,June,"34,619.71","14,849.13","12,858.95","62,327.79","25,270.24","25,723.17","16,196.87","67,190.28","129,518.10","16,926.68","7,263.57","6,280.07","30,470.32","11,724.00","11,935.31","7,515.74","31,175.05","61,645.37",,,,,,,,,,,,,,,,,,,,,,,,,,,,,,,,,,,,,,,
2016,May,"35,169.88","15,209.44","12,851.26","63,230.58","26,737.37","26,228.88","16,328.27","69,294.52","132,525.10","17,129.29","7,420.69","6,242.35","30,792.33","12,426.21","12,191.08","7,589.91","32,207.20","62,999.53",,,,,,,,,,,,,,,,,,,,,,,,,,,,,,,,,,,,,,,
2016,April,"33,551.21","14,480.42","12,076.98","60,108.61","26,646.65","25,517.33","15,917.61","68,081.59","128,190.20","16,253.94","7,030.79","5,831.43","29,116.16","12,410.42","11,885.62","7,414.80","31,710.84","60,827.00",,,,,,,,,,,,,,,,,,,,,,,,,,,,,,,,,,,,,,,
2016,March,"34,731.82","15,023.20","12,439.01","62,194.03","26,501.95","25,656.29","15,494.29","67,652.53","129,846.60","16,847.31","7,284.31","6,033.05","30,164.67","12,373.03","11,979.39","7,235.17","31,587.59","61,752.26",,,,,,,,,,,,,,,,,,,,,,,,,,,,,,,,,,,,,,,
2016,February,"32,441.88","13,911.04","11,477.12","57,830.04","24,893.08","23,048.35","14,577.66","62,519.09","120,349.10","15,623.87","6,716.45","5,506.97","27,847.29","11,647.07","10,785.01","6,821.89","29,253.97","57,101.26",,,,,,,,,,,,,,,,,,,,,,,,,,,,,,,,,,,,,,,
2016,January,"34,525.59","13,665.84","11,566.17","59,757.60","24,219.75","22,464.28","14,303.83","60,987.86","120,745.50","16,630.47","6,606.74","5,543.63","28,780.84","11,347.76","10,526.30","6,703.04","28,577.10","57,357.94",,,,,,,,,,,,,,,,,,,,,,,,,,,,,,,,,,,,,,,
2015,December,"36,273.64","18,350.00","13,764.10","68,387.74","26,687.27","24,421.15","14,179.59","65,288.01","133,675.80","17,521.64","8,734.82","6,776.43","33,032.89","12,546.00","11,481.85","6,666.67","30,694.52","63,727.41",,,,,,,,,,,,,,,,,,,,,,,,,,,,,,,,,,,,,,,
2015,November,"34,296.38","15,662.10","11,921.28","61,879.76","23,678.01","22,905.21","13,649.63","60,232.85","122,112.60","16,507.38","7,506.02","5,769.25","29,782.65","11,143.87","10,781.27","6,424.70","28,349.84","58,132.49",,,,,,,,,,,,,,,,,,,,,,,,,,,,,,,,,,,,,,,
2015,October,"34,628.72","14,650.64","12,145.49","61,424.85","25,207.86","24,372.04","14,483.26","64,063.16","125,488.00","16,562.12","7,024.04","5,790.90","29,377.06","11,884.18","11,491.32","6,828.74","30,204.24","59,581.30",,,,,,,,,,,,,,,,,,,,,,,,,,,,,,,,,,,,,,,
2015,September,"33,391.71","13,597.60","11,842.40","58,831.71","23,320.59","23,150.72","14,129.05","60,600.36","119,432.10","15,993.25","6,531.99","5,651.73","28,176.97","11,017.16","10,938.04","6,675.48","28,630.68","56,807.65",,,,,,,,,,,,,,,,,,,,,,,,,,,,,,,,,,,,,,,
2015,August,"34,604.23","14,974.24","12,282.35","61,860.82","24,891.91","24,693.83","14,408.80","63,994.54","125,855.40","16,620.84","7,185.15","5,905.49","29,711.48","11,822.81","11,729.94","6,844.33","30,397.08","60,108.56",,,,,,,,,,,,,,,,,,,,,,,,,,,,,,,,,,,,,,,
2015,July,"35,210.85","14,589.28","12,643.75","62,443.88","24,735.07","24,955.02","14,442.06","64,132.15","126,576.00","16,964.83","7,045.99","6,074.01","30,084.83","11,773.29","11,879.20","6,874.70","30,527.19","60,612.02",,,,,,,,,,,,,,,,,,,,,,,,,,,,,,,,,,,,,,,
2015,June,"33,798.91","14,307.85","12,370.10","60,476.86","24,351.72","24,299.96","14,179.14","62,830.82","123,307.70","16,318.20","6,923.09","5,956.07","29,197.36","11,593.50","11,570.05","6,751.11","29,914.66","59,112.02",,,,,,,,,,,,,,,,,,,,,,,,,,,,,,,,,,,,,,,
2015,May,"35,369.67","15,052.80","12,503.86","62,926.33","26,363.31","25,127.40","14,513.69","66,004.40","128,930.70","17,110.22","7,298.39","6,031.19","30,439.80","12,576.95","11,988.58","6,924.61","31,490.14","61,929.94",,,,,,,,,,,,,,,,,,,,,,,,,,,,,,,,,,,,,,,
2015,April,"33,381.22","13,756.23","11,954.09","59,091.54","24,518.20","23,841.31","13,869.07","62,228.58","121,320.10","16,129.16","6,668.35","5,753.38","28,550.89","11,724.04","11,401.54","6,632.50","29,758.08","58,308.97",,,,,,,,,,,,,,,,,,,,,,,,,,,,,,,,,,,,,,,
2015,March,"34,186.54","14,298.64","12,183.79","60,668.97","25,653.79","23,854.89","13,675.07","63,183.75","123,852.70","16,498.92","6,899.47","5,880.31","29,278.70","12,296.93","11,435.82","6,555.69","30,288.44","59,567.14",,,,,,,,,,,,,,,,,,,,,,,,,,,,,,,,,,,,,,,
2015,February,"31,543.18","13,026.90","11,099.86","55,669.94","22,738.08","20,461.53","12,677.72","55,877.33","111,547.30","15,140.60","6,276.04","5,303.77","26,720.41","10,916.02","9,824.11","6,086.90","26,827.03","53,547.44",,,,,,,,,,,,,,,,,,,,,,,,,,,,,,,,,,,,,,,
2015,January,"34,637.13","13,413.44","11,392.80","59,443.37","23,548.54","21,161.51","12,788.55","57,498.60","116,942.00","16,610.84","6,464.96","5,430.31","28,506.11","11,335.57","10,187.58","6,156.66","27,679.81","56,185.92",,,,,,,,,,,,,,,,,,,,,,,,,,,,,,,,,,,,,,,
2014,December,"35,832.63","17,347.24","13,694.83","66,874.70","24,639.59","22,585.57","12,412.87","59,638.03","126,512.70","17,235.05","8,226.78","6,706.97","32,168.80","11,881.02","10,892.06","5,985.79","28,758.87","60,927.67",,,,,,,,,,,,,,,,,,,,,,,,,,,,,,,,,,,,,,,
2014,November,"34,414.21","15,221.42","12,058.34","61,693.97","22,438.26","21,400.77","12,222.00","56,061.03","117,755.00","16,613.18","7,324.18","5,847.59","29,784.95","10,847.08","10,346.94","5,908.71","27,102.73","56,887.68",,,,,,,,,,,,,,,,,,,,,,,,,,,,,,,,,,,,,,,
2014,October,"34,357.19","13,853.65","12,316.65","60,527.49","23,088.71","22,709.18","12,778.11","58,576.00","119,103.50","16,548.32","6,691.39","5,916.30","29,156.01","11,200.95","11,018.32","6,199.36","28,418.63","57,574.64",,,,,,,,,,,,,,,,,,,,,,,,,,,,,,,,,,,,,,,
2014,September,"32,804.34","12,890.09","11,904.65","57,599.08","21,602.87","21,387.15","12,450.62","55,440.64","113,039.70","15,835.90","6,243.87","5,728.00","27,807.77","10,502.29","10,398.83","6,053.25","26,954.37","54,762.14",,,,,,,,,,,,,,,,,,,,,,,,,,,,,,,,,,,,,,,
2014,August,"34,399.42","14,533.10","12,434.27","61,366.79","23,503.63","23,130.30","12,768.92","59,402.85","120,769.60","16,664.89","7,040.29","6,026.79","29,731.97","11,461.53","11,281.00","6,227.12","28,969.65","58,701.62",,,,,,,,,,,,,,,,,,,,,,,,,,,,,,,,,,,,,,,
2014,July,"34,465.59","13,722.14","12,465.88","60,653.61","22,609.47","22,866.32","12,584.50","58,060.29","118,713.90","16,759.81","6,690.35","6,046.93","29,497.09","11,051.64","11,178.70","6,151.71","28,382.05","57,879.14",,,,,,,,,,,,,,,,,,,,,,,,,,,,,,,,,,,,,,,
2014,June,"33,204.87","13,700.20","12,171.89","59,076.96","22,257.71","22,338.34","12,408.87","57,004.92","116,081.90","16,192.19","6,697.67","5,921.32","28,811.18","10,913.20","10,954.21","6,084.54","27,951.95","56,763.13",,,,,,,,,,,,,,,,,,,,,,,,,,,,,,,,,,,,,,,
2014,May,"34,814.74","14,364.08","12,653.83","61,832.65","24,119.38","23,009.84","12,786.23","59,915.45","121,748.10","16,951.93","7,008.15","6,150.08","30,110.16","11,849.50","11,305.93","6,282.08","29,437.51","59,547.67",,,,,,,,,,,,,,,,,,,,,,,,,,,,,,,,,,,,,,,
2014,April,"32,798.70","13,292.44","12,106.71","58,197.85","22,404.27","21,627.04","12,102.04","56,133.35","114,331.20","16,064.26","6,518.14","5,924.51","28,506.91","11,025.48","10,644.44","5,955.96","27,625.88","56,132.79",,,,,,,,,,,,,,,,,,,,,,,,,,,,,,,,,,,,,,,
2014,March,"33,052.82","13,722.35","12,084.25","58,859.42","23,942.09","21,856.46","12,010.69","57,809.24","116,668.70","16,265.91","6,765.40","5,937.12","28,968.43","11,813.58","10,785.94","5,926.75","28,526.27","57,494.70",,,,,,,,,,,,,,,,,,,,,,,,,,,,,,,,,,,,,,,
2014,February,"30,456.74","12,483.38","11,204.13","54,144.25","20,979.28","18,633.10","11,104.74","50,717.12","104,861.40","15,042.86","6,189.16","5,512.72","26,744.74","10,380.71","9,221.05","5,495.10","25,096.86","51,841.60",,,,,,,,,,,,,,,,,,,,,,,,,,,,,,,,,,,,,,,
2014,January,"33,304.13","12,369.48","11,606.74","57,280.35","20,890.70","18,929.56","11,144.44","50,964.70","108,245.10","16,502.19","6,166.37","5,716.41","28,384.97","10,366.61","9,394.70","5,530.59","25,291.90","53,676.87",,,,,,,,,,,,,,,,,,,,,,,,,,,,,,,,,,,,,,,
2013,December,"34,150.95","16,314.23","13,717.02","64,182.20","22,375.46","20,634.58","10,722.26","53,732.30","117,914.50","17,031.10","8,021.57","6,954.84","32,007.51","11,110.84","10,246.60","5,324.81","26,682.25","58,689.76",,,,,,,,,,,,,,,,,,,,,,,,,,,,,,,,,,,,,,,
2013,November,"33,131.19","14,196.71","11,876.15","59,204.05","21,027.41","20,317.15","10,641.13","51,985.69","111,189.70","16,534.08","7,056.63","5,954.82","29,545.53","10,455.51","10,102.56","5,291.62","25,849.69","55,395.22",,,,,,,,,,,,,,,,,,,,,,,,,,,,,,,,,,,,,,,
2013,October,"32,639.73","12,787.62","11,798.08","57,225.43","20,933.48","20,835.35","10,899.98","52,668.81","109,894.20","16,234.69","6,374.49","5,854.02","28,463.20","10,435.22","10,386.51","5,434.09","26,255.82","54,719.02",,,,,,,,,,,,,,,,,,,,,,,,,,,,,,,,,,,,,,,
2013,September,"31,378.50","12,116.75","11,261.75","54,757.00","19,811.05","19,898.80","10,601.62","50,311.47","105,068.50","15,632.24","6,054.50","5,592.10","27,278.84","9,888.40","9,932.41","5,292.13","25,112.94","52,391.78",,,,,,,,,,,,,,,,,,,,,,,,,,,,,,,,,,,,,,,
2013,August,"33,253.00","13,440.70","11,935.55","58,629.25","21,633.46","21,756.13","10,916.75","54,306.34","112,935.60","16,569.34","6,696.01","5,948.31","29,213.66","10,808.00","10,869.50","5,454.49","27,131.99","56,345.65",,,,,,,,,,,,,,,,,,,,,,,,,,,,,,,,,,,,,,,
2013,July,"32,917.33","12,784.20","11,798.37","57,499.90","20,761.81","21,603.72","10,700.29","53,065.82","110,565.70","16,430.73","6,401.53","5,868.71","28,700.97","10,389.66","10,811.19","5,355.17","26,556.02","55,256.99",,,,,,,,,,,,,,,,,,,,,,,,,,,,,,,,,,,,,,,
2013,June,"32,258.03","12,969.54","11,528.14","56,755.71","20,970.82","21,220.06","10,632.41","52,823.29","109,579.00","16,107.98","6,489.68","5,743.01","28,340.67","10,511.22","10,636.36","5,329.80","26,477.38","54,818.05",,,,,,,,,,,,,,,,,,,,,,,,,,,,,,,,,,,,,,,
2013,May,"33,505.81","13,208.88","11,985.98","58,700.67","21,894.14","21,756.13","10,831.76","54,482.03","113,182.70","16,745.19","6,611.28","5,980.16","29,336.63","10,990.93","10,921.87","5,438.11","27,350.91","56,687.54",,,,,,,,,,,,,,,,,,,,,,,,,,,,,,,,,,,,,,,
2013,April,"30,640.60","12,146.86","11,318.39","54,105.85","20,989.35","20,703.96","10,391.88","52,085.19","106,191.00","15,262.21","6,071.04","5,616.94","26,950.19","10,554.39","10,411.09","5,226.01","26,191.49","53,141.68",,,,,,,,,,,,,,,,,,,,,,,,,,,,,,,,,,,,,,,
2013,March,"33,162.36","13,280.61","11,872.74","58,315.71","22,435.53","21,411.36","10,392.14","54,239.03","112,554.70","16,539.86","6,631.39","5,913.77","29,085.02","11,320.23","10,803.69","5,244.07","27,367.99","56,453.01",,,,,,,,,,,,,,,,,,,,,,,,,,,,,,,,,,,,,,,
2013,February,"29,755.40","11,872.60","10,851.72","52,479.72","19,543.63","18,630.09","9,656.95","47,830.67","100,310.40","14,824.40","5,931.61","5,389.68","26,145.69","9,880.68","9,419.02","4,882.74","24,182.44","50,328.13",,,,,,,,,,,,,,,,,,,,,,,,,,,,,,,,,,,,,,,
2013,January,"32,030.01","11,544.75","10,945.05","54,519.81","19,727.45","18,864.49","9,618.55","48,210.49","102,730.30","15,943.52","5,767.94","5,426.60","27,138.06","9,982.61","9,546.12","4,867.71","24,396.44","51,534.50",,,,,,,,,,,,,,,,,,,,,,,,,,,,,,,,,,,,,,,
2012,December,"33,811.51","15,381.10","12,991.66","62,184.27","21,529.01","19,981.56","9,082.64","50,593.21","112,777.50","16,927.93","7,590.94","6,615.09","31,133.96","10,909.82","10,126.33","4,603.35","25,639.50","56,773.46",,,,,,,,,,,,,,,,,,,,,,,,,,,,,,,,,,,,,,,
2012,November,"32,369.01","12,938.20","11,598.63","56,905.84","19,414.15","19,146.13","9,031.13","47,591.41","104,497.30","16,248.01","6,459.30","5,858.21","28,565.52","9,851.27","9,715.92","4,583.32","24,150.51","52,716.03",,,,,,,,,,,,,,,,,,,,,,,,,,,,,,,,,,,,,,,
2012,October,"32,014.97","11,763.54","11,519.19","55,297.70","19,571.93","19,804.03","9,283.11","48,659.07","103,956.80","16,059.16","5,919.44","5,760.43","27,739.03","9,943.60","10,062.19","4,717.00","24,722.79","52,461.82",,,,,,,,,,,,,,,,,,,,,,,,,,,,,,,,,,,,,,,
2012,September,"31,354.63","11,291.05","10,929.37","53,575.05","19,474.60","19,184.76","9,280.65","47,940.01","101,515.10","15,785.03","5,703.10","5,484.34","26,972.47","9,901.46","9,754.75","4,719.24","24,375.45","51,347.92",,,,,,,,,,,,,,,,,,,,,,,,,,,,,,,,,,,,,,,
2012,August,"32,668.90","12,246.33","11,584.74","56,499.97","20,484.25","20,668.71","9,346.32","50,499.28","106,999.30","16,440.09","6,156.52","5,837.01","28,433.62","10,436.92","10,531.62","4,762.74","25,731.28","54,164.90",,,,,,,,,,,,,,,,,,,,,,,,,,,,,,,,,,,,,,,
2012,July,"32,304.19","11,733.10","11,109.92","55,147.21","20,440.60","20,528.77","9,124.48","50,093.85","105,241.10","16,284.80","5,939.15","5,577.12","27,801.07","10,446.14","10,491.91","4,663.75","25,601.80","53,402.87",,,,,,,,,,,,,,,,,,,,,,,,,,,,,,,,,,,,,,,
2012,June,"32,110.43","11,975.50","11,175.85","55,261.78","20,566.31","20,414.94","9,282.61","50,263.86","105,525.60","16,172.51","6,045.65","5,615.51","27,833.67","10,532.40","10,455.58","4,754.51","25,742.49","53,576.16",,,,,,,,,,,,,,,,,,,,,,,,,,,,,,,,,,,,,,,
2012,May,"32,938.18","12,095.02","11,688.17","56,721.37","20,881.17","20,396.15","9,367.45","50,644.77","107,366.10","16,589.19","6,110.32","5,868.95","28,568.46","10,719.65","10,471.36","4,809.64","26,000.65","54,569.11",,,,,,,,,,,,,,,,,,,,,,,,,,,,,,,,,,,,,,,
2012,April,"31,129.53","11,516.69","11,214.41","53,860.63","20,237.37","19,484.48","8,964.54","48,686.39","102,547.00","15,665.21","5,812.33","5,627.47","27,105.01","10,414.03","10,027.27","4,613.80","25,055.10","52,160.11",,,,,,,,,,,,,,,,,,,,,,,,,,,,,,,,,,,,,,,
2012,March,"32,225.83","12,024.16","11,632.65","55,882.64","21,339.69","20,327.22","8,890.57","50,557.48","106,440.10","16,239.89","6,059.90","5,862.65","28,162.44","11,010.21","10,488.54","4,587.82","26,086.57","54,249.01",,,,,,,,,,,,,,,,,,,,,,,,,,,,,,,,,,,,,,,
2012,February,"30,114.43","11,392.64","10,712.48","52,219.55","19,134.50","18,279.36","8,337.70","45,751.56","97,971.11","15,189.20","5,761.38","5,388.94","26,339.52","9,892.14","9,450.69","4,311.08","23,653.91","49,993.43",,,,,,,,,,,,,,,,,,,,,,,,,,,,,,,,,,,,,,,
2012,January,"31,041.20","10,713.23","10,453.43","52,207.86","18,619.92","17,750.94","8,121.37","44,492.23","96,700.09","15,621.91","5,423.52","5,229.77","26,275.20","9,639.82","9,190.55","4,205.20","23,035.57","49,310.77",,,,,,,,,,,,,,,,,,,,,,,,,,,,,,,,,,,,,,,
2011,December,"33,667.41","15,005.69","12,461.00","61,134.10","20,140.82","19,098.35","8,610.21","47,849.38","108,983.50","17,071.72","7,490.83","6,442.18","31,004.73","10,465.44","9,923.72","4,474.45","24,863.61","55,868.34",,,,,,,,,,,,,,,,,,,,,,,,,,,,,,,,,,,,,,,
2011,November,"31,686.81","12,285.71","10,939.03","54,911.55","17,862.98","18,068.30","8,416.39","44,347.67","99,259.22","16,109.59","6,209.89","5,602.52","27,922.00","9,297.27","9,404.09","4,380.98","23,082.34","51,004.34",,,,,,,,,,,,,,,,,,,,,,,,,,,,,,,,,,,,,,,
2011,October,"31,396.18","11,470.67","10,698.15","53,565.00","19,198.72","18,983.32","8,746.49","46,928.53","100,493.50","15,905.25","5,832.33","5,403.16","27,140.74","10,017.62","9,905.18","4,564.25","24,487.05","51,627.79",,,,,,,,,,,,,,,,,,,,,,,,,,,,,,,,,,,,,,,
2011,September,"30,761.81","10,841.21","10,450.26","52,053.28","18,702.48","18,434.31","8,792.26","45,929.05","97,982.33","15,614.88","5,525.57","5,286.78","26,427.23","9,776.57","9,636.34","4,596.54","24,009.45","50,436.68",,,,,,,,,,,,,,,,,,,,,,,,,,,,,,,,,,,,,,,
2011,August,"31,772.20","11,559.82","10,850.59","54,182.61","19,352.02","19,529.20","8,779.64","47,660.86","101,843.50","16,225.58","5,910.72","5,538.83","27,675.13","10,138.69","10,231.47","4,600.20","24,970.36","52,645.49",,,,,,,,,,,,,,,,,,,,,,,,,,,,,,,,,,,,,,,
2011,July,"32,247.26","11,560.51","10,694.59","54,502.36","19,947.63","19,756.12","8,847.90","48,551.65","103,054.00","16,574.37","5,972.64","5,470.94","28,017.95","10,492.84","10,392.06","4,654.65","25,539.55","53,557.50",,,,,,,,,,,,,,,,,,,,,,,,,,,,,,,,,,,,,,,
2011,June,"31,371.06","11,319.73","10,802.87","53,493.66","19,149.53","19,190.38","8,880.78","47,220.69","100,714.40","16,217.16","5,857.00","5,584.09","27,658.25","10,094.08","10,115.56","4,681.69","24,891.33","52,549.58",,,,,,,,,,,,,,,,,,,,,,,,,,,,,,,,,,,,,,,
2011,May,"31,667.43","11,570.03","10,893.46","54,130.92","19,739.41","19,405.80","8,787.03","47,932.24","102,063.20","16,387.22","6,010.35","5,618.99","28,016.56","10,431.91","10,255.57","4,644.26","25,331.74","53,348.30",,,,,,,,,,,,,,,,,,,,,,,,,,,,,,,,,,,,,,,
2011,April,"31,241.17","11,257.14","10,633.46","53,131.77","19,070.45","18,813.91","8,535.88","46,420.24","99,552.01","16,247.60","5,868.49","5,521.04","27,637.13","10,096.74","9,960.87","4,519.74","24,577.35","52,214.48",,,,,,,,,,,,,,,,,,,,,,,,,,,,,,,,,,,,,,,
2011,March,"30,931.16","11,112.23","10,607.62","52,651.01","19,317.87","19,063.84","8,215.35","46,597.06","99,248.07","16,144.19","5,811.82","5,529.48","27,485.49","10,263.42","10,128.41","4,365.21","24,757.04","52,242.53",,,,,,,,,,,,,,,,,,,,,,,,,,,,,,,,,,,,,,,
2011,February,"28,334.85","10,355.70","9,562.74","48,253.29","17,183.67","16,945.17","7,590.78","41,719.62","89,972.91","14,935.40","5,479.33","5,024.25","25,438.98","9,156.53","9,029.41","4,045.26","22,231.20","47,670.18",,,,,,,,,,,,,,,,,,,,,,,,,,,,,,,,,,,,,,,
2011,January,"30,499.16","10,289.85","9,641.31","50,430.32","17,113.82","16,759.03","7,572.04","41,444.89","91,875.21","16,165.72","5,489.85","5,079.16","26,734.73","9,136.30","8,946.85","4,042.79","22,125.94","48,860.67",,,,,,,,,,,,,,,,,,,,,,,,,,,,,,,,,,,,,,,
2010,December,"32,343.14","14,344.68","11,644.33","58,332.15","18,325.08","17,923.88","8,148.69","44,397.65","102,729.80","17,383.23","7,579.61","6,389.91","31,352.75","9,801.24","9,587.20","4,358.90","23,747.34","55,100.09",,,,,,,,,,,,,,,,,,,,,,,,,,,,,,,,,,,,,,,
2010,November,"30,267.60","11,788.03","9,859.42","51,915.05","16,639.24","17,235.71","7,881.49","41,756.44","93,671.49","16,299.03","6,300.27","5,358.09","27,957.39","8,907.77","9,227.62","4,219.84","22,355.23","50,312.62",,,,,,,,,,,,,,,,,,,,,,,,,,,,,,,,,,,,,,,
2010,October,"30,046.54","10,905.94","9,636.43","50,588.91","17,774.26","18,354.78","8,186.79","44,315.83","94,904.74","16,168.04","5,890.09","5,164.98","27,223.11","9,524.82","9,836.47","4,387.64","23,748.93","50,972.04",,,,,,,,,,,,,,,,,,,,,,,,,,,,,,,,,,,,,,,
2010,September,"29,410.08","10,115.61","9,308.62","48,834.31","16,929.37","17,309.97","8,227.87","42,467.21","91,301.52","15,864.88","5,476.03","5,003.29","26,344.20","9,080.54","9,285.21","4,413.77","22,779.52","49,123.72",,,,,,,,,,,,,,,,,,,,,,,,,,,,,,,,,,,,,,,
2010,August,"29,877.49","11,005.26","9,522.92","50,405.67","18,076.53","18,717.69","8,184.50","44,978.72","95,384.39","16,175.31","5,965.69","5,149.24","27,290.24","9,723.81","10,069.27","4,403.18","24,196.26","51,486.50",,,,,,,,,,,,,,,,,,,,,,,,,,,,,,,,,,,,,,,
2010,July,"30,774.03","10,964.06","9,450.79","51,188.88","18,642.72","18,880.84","8,214.44","45,738.00","96,926.88","16,670.44","5,965.47","5,094.59","27,730.50","10,060.01","10,189.08","4,433.24","24,682.33","52,412.83",,,,,,,,,,,,,,,,,,,,,,,,,,,,,,,,,,,,,,,
2010,June,"29,579.13","10,729.45","9,459.70","49,768.28","17,793.30","18,192.67","8,099.45","44,085.42","93,853.70","16,015.35","5,821.86","5,110.57","26,947.78","9,597.95","9,813.93","4,369.49","23,781.37","50,729.15",,,,,,,,,,,,,,,,,,,,,,,,,,,,,,,,,,,,,,,
2010,May,"30,817.37","11,240.49","9,564.57","51,622.43","18,782.00","18,334.90","8,125.83","45,242.73","96,865.16","16,652.38","6,090.07","5,153.33","27,895.78","10,141.33","9,900.48","4,388.10","24,429.91","52,325.69",,,,,,,,,,,,,,,,,,,,,,,,,,,,,,,,,,,,,,,
2010,April,"29,152.89","10,538.55","9,451.93","49,143.37","18,126.47","17,590.26","7,886.93","43,603.66","92,747.03","15,757.05","5,717.43","5,088.55","26,563.03","9,800.27","9,510.91","4,264.70","23,575.88","50,138.91",,,,,,,,,,,,,,,,,,,,,,,,,,,,,,,,,,,,,,,
2010,March,"30,011.14","10,760.68","9,596.22","50,368.04","18,153.48","17,846.49","7,603.82","43,603.79","93,971.83","16,229.51","5,818.30","5,191.58","27,239.39","9,827.31","9,661.67","4,116.83","23,605.81","50,845.20",,,,,,,,,,,,,,,,,,,,,,,,,,,,,,,,,,,,,,,
2010,February,"27,741.27","10,126.65","8,660.01","46,527.93","16,182.20","16,027.75","7,166.76","39,376.71","85,904.64","15,037.22","5,520.55","4,663.93","25,221.70","8,756.67","8,673.58","3,878.63","21,308.88","46,530.58",,,,,,,,,,,,,,,,,,,,,,,,,,,,,,,,,,,,,,,
2010,January,"29,753.23","10,094.96","8,866.45","48,714.64","16,427.36","16,162.66","7,161.22","39,751.24","88,465.88","16,106.40","5,496.25","4,769.36","26,372.01","8,895.85","8,753.00","3,878.48","21,527.33","47,899.34",,,,,,,,,,,,,,,,,,,,,,,,,,,,,,,,,,,,,,,
2009,December,"31,680.42","13,862.08","10,686.99","56,229.49","17,378.49","16,865.76","7,911.61","42,155.86","98,385.35","17,308.57","7,428.31","5,980.22","30,717.10","9,415.90","9,138.70","4,287.48","22,842.08","53,559.18",,,,,,,,,,,,,,,,,,,,,,,,,,,,,,,,,,,,,,,
2009,November,"29,632.14","11,216.34","9,066.00","49,914.48","16,034.12","16,119.56","7,712.29","39,865.97","89,780.45","16,230.80","6,097.65","5,008.45","27,336.90","8,693.54","8,740.44","4,182.33","21,616.31","48,953.21",,,,,,,,,,,,,,,,,,,,,,,,,,,,,,,,,,,,,,,
2009,October,"29,973.15","10,618.04","8,938.91","49,530.10","17,329.38","16,985.94","8,153.61","42,468.93","91,999.03","16,356.94","5,806.95","4,862.31","27,026.20","9,412.95","9,227.01","4,429.74","23,069.70","50,095.90",,,,,,,,,,,,,,,,,,,,,,,,,,,,,,,,,,,,,,,
2009,September,"28,915.93","9,706.20","8,568.59","47,190.72","16,422.31","16,284.69","8,123.45","40,830.45","88,021.17","15,807.97","5,323.82","4,663.55","25,795.34","8,929.05","8,854.80","4,417.68","22,201.53","47,996.87",,,,,,,,,,,,,,,,,,,,,,,,,,,,,,,,,,,,,,,
2009,August,"29,924.44","10,757.39","8,834.43","49,516.26","17,739.02","17,815.75","8,099.66","43,654.43","93,170.69","16,321.42","5,865.69","4,816.73","27,003.84","9,659.11","9,701.53","4,411.25","23,771.89","50,775.73",,,,,,,,,,,,,,,,,,,,,,,,,,,,,,,,,,,,,,,
2009,July,"30,517.04","10,493.54","8,873.32","49,883.90","17,806.96","18,004.91","8,142.11","43,953.98","93,837.88","16,637.40","5,738.35","4,816.75","27,192.50","9,710.43","9,819.02","4,440.92","23,970.37","51,162.87",,,,,,,,,,,,,,,,,,,,,,,,,,,,,,,,,,,,,,,
2009,June,"29,311.48","10,454.56","8,835.46","48,601.50","17,360.46","17,527.30","8,101.21","42,988.97","91,590.47","15,905.09","5,691.98","4,771.94","26,369.01","9,474.66","9,566.35","4,422.20","23,463.21","49,832.22",,,,,,,,,,,,,,,,,,,,,,,,,,,,,,,,,,,,,,,
2009,May,"30,703.90","11,025.40","8,748.61","50,477.91","18,481.08","18,130.32","8,052.08","44,663.48","95,141.39","16,640.20","5,992.86","4,720.39","27,353.45","10,092.59","9,901.69","4,398.18","24,392.46","51,745.91",,,,,,,,,,,,,,,,,,,,,,,,,,,,,,,,,,,,,,,
2009,April,"29,145.70","10,174.33","8,355.80","47,675.83","17,211.04","17,070.60","7,647.75","41,929.39","89,605.22","15,744.84","5,502.40","4,504.59","25,751.83","9,403.99","9,327.87","4,179.53","22,911.39","48,663.22",,,,,,,,,,,,,,,,,,,,,,,,,,,,,,,,,,,,,,,
2009,March,"28,813.40","10,289.42","8,344.39","47,447.21","17,872.88","17,241.99","7,329.03","42,443.90","89,891.11","15,470.20","5,543.12","4,458.37","25,471.69","9,795.90","9,450.74","4,017.81","23,264.45","48,736.14",,,,,,,,,,,,,,,,,,,,,,,,,,,,,,,,,,,,,,,
2009,February,"26,885.10","9,706.17","7,815.97","44,407.24","16,363.08","15,609.55","6,943.07","38,915.70","83,322.94","14,350.33","5,211.11","4,138.65","23,700.09","8,978.41","8,565.52","3,810.46","21,354.39","45,054.48",,,,,,,,,,,,,,,,,,,,,,,,,,,,,,,,,,,,,,,
2009,January,"30,077.13","9,926.05","7,984.08","47,987.26","17,175.02","16,010.87","7,168.90","40,354.79","88,342.05","15,955.14","5,299.82","4,197.87","25,452.83","9,451.56","8,811.50","3,945.95","22,209.01","47,661.84",,,,,,,,,,,,,,,,,,,,,,,,,,,,,,,,,,,,,,,
2008,December,"31,021.15","13,585.62","9,511.83","54,118.60","17,839.41","16,742.03","7,642.78","42,224.22","96,342.82","16,538.37","7,119.81","5,197.95","28,856.13","9,843.36","9,240.15","4,218.20","23,301.71","52,157.84",,,,,,,,,,,,,,,,,,,,,,,,,,,,,,,,,,,,,,,
2008,November,"30,080.40","11,355.92","8,409.66","49,845.98","16,738.25","16,287.43","7,762.92","40,788.60","90,634.58","16,007.33","6,011.37","4,510.38","26,529.08","9,262.67","9,015.44","4,296.92","22,575.03","49,104.11",,,,,,,,,,,,,,,,,,,,,,,,,,,,,,,,,,,,,,,
2008,October,"30,025.50","10,314.60","9,245.93","49,586.03","17,322.72","17,316.82","8,409.90","43,049.44","92,635.47","15,936.36","5,488.70","4,896.70","26,321.76","9,619.03","9,618.14","4,670.97","23,908.14","50,229.90",,,,,,,,,,,,,,,,,,,,,,,,,,,,,,,,,,,,,,,
2008,September,"28,892.21","9,687.97","9,287.43","47,867.61","16,769.72","16,368.94","8,609.34","41,748.00","89,615.61","15,407.17","5,196.68","4,925.56","25,529.41","9,357.40","9,136.04","4,805.08","23,298.52","48,827.93",,,,,,,,,,,,,,,,,,,,,,,,,,,,,,,,,,,,,,,
2008,August,"30,700.49","10,979.23","9,742.04","51,421.76","18,737.45","18,104.80","8,635.62","45,477.87","96,899.63","16,474.70","5,902.84","5,220.34","27,597.88","10,511.35","10,158.98","4,845.61","25,515.94","53,113.82",,,,,,,,,,,,,,,,,,,,,,,,,,,,,,,,,,,,,,,
2008,July,"30,705.61","10,654.13","9,976.92","51,336.66","18,209.37","17,895.79","8,600.48","44,705.64","96,042.30","16,590.00","5,786.14","5,364.28","27,740.42","10,247.54","10,073.58","4,841.18","25,162.30","52,902.72",,,,,,,,,,,,,,,,,,,,,,,,,,,,,,,,,,,,,,,
2008,June,"29,474.96","10,759.13","9,766.10","50,000.19","17,978.38","17,327.27","8,541.68","43,847.33","93,847.52","16,120.37","5,900.66","5,328.52","27,349.55","10,181.59","9,815.29","4,838.54","24,835.42","52,184.97",,,,,,,,,,,,,,,,,,,,,,,,,,,,,,,,,,,,,,,
2008,May,"31,100.21","11,165.42","9,897.42","52,163.05","19,088.35","17,898.92","8,613.88","45,601.15","97,764.20","17,114.26","6,168.07","5,426.44","28,708.77","10,863.14","10,188.78","4,903.39","25,955.31","54,664.08",,,,,,,,,,,,,,,,,,,,,,,,,,,,,,,,,,,,,,,
2008,April,"28,612.55","9,823.64","9,175.98","47,612.17","17,602.00","16,731.58","8,151.79","42,485.37","90,097.54","15,820.89","5,448.91","5,060.09","26,329.89","10,058.82","9,563.79","4,659.57","24,282.18","50,612.07",,,,,,,,,,,,,,,,,,,,,,,,,,,,,,,,,,,,,,,
2008,March,"29,790.49","10,383.12","9,320.94","49,494.55","18,337.30","16,900.88","7,869.70","43,107.88","92,602.43","16,681.71","5,825.97","5,211.29","27,718.97","10,505.93","9,685.38","4,509.95","24,701.26","52,420.23",,,,,,,,,,,,,,,,,,,,,,,,,,,,,,,,,,,,,,,
2008,February,"27,927.31","9,637.28","8,744.32","46,308.91","17,026.65","15,667.70","7,494.33","40,188.68","86,497.59","15,628.93","5,416.15","4,874.11","25,919.19","9,785.36","9,006.61","4,308.18","23,100.15","49,019.34",,,,,,,,,,,,,,,,,,,,,,,,,,,,,,,,,,,,,,,
2008,January,"29,327.81","9,317.22","8,816.22","47,461.25","16,637.27","15,496.31","7,513.86","39,647.44","87,108.69","16,439.99","5,252.67","4,915.69","26,608.35","9,598.19","8,942.18","4,335.92","22,876.29","49,484.64",,,,,,,,,,,,,,,,,,,,,,,,,,,,,,,,,,,,,,,
2007,December,"31,417.96","13,540.36","10,598.65","55,556.97","18,740.69","16,674.04","8,059.74","43,474.47","99,031.44","17,855.52","7,587.98","6,138.15","31,581.65","10,857.45","9,662.07","4,670.97","25,190.49","56,772.14",,,,,,,,,,,,,,,,,,,,,,,,,,,,,,,,,,,,,,,
2007,November,"29,556.39","10,787.78","9,346.31","49,690.48","16,875.93","15,831.02","7,900.59","40,607.54","90,298.02","16,835.53","6,101.81","5,373.35","28,310.69","9,794.76","9,190.14","4,586.90","23,571.80","51,882.49",,,,,,,,,,,,,,,,,,,,,,,,,,,,,,,,,,,,,,,
2007,October,"28,780.18","9,599.09","8,988.30","47,367.57","17,384.84","16,544.34","8,171.41","42,100.59","89,468.16","16,426.46","5,493.84","5,121.36","27,041.66","10,118.04","9,630.80","4,757.25","24,506.09","51,547.75",,,,,,,,,,,,,,,,,,,,,,,,,,,,,,,,,,,,,,,
2007,September,"28,243.04","9,235.18","8,436.00","45,914.22","17,049.97","16,015.11","8,121.10","41,186.18","87,100.40","16,210.32","5,332.44","4,816.25","26,359.01","9,945.49","9,343.71","4,738.60","24,027.80","50,386.81",,,,,,,,,,,,,,,,,,,,,,,,,,,,,,,,,,,,,,,
2007,August,"29,400.70","10,074.84","8,896.87","48,372.41","18,336.53","17,466.84","8,019.07","43,822.44","92,194.85","16,963.85","5,821.05","5,131.94","27,916.84","10,749.96","10,242.15","4,702.75","25,694.86","53,611.70",,,,,,,,,,,,,,,,,,,,,,,,,,,,,,,,,,,,,,,
2007,July,"29,191.16","9,740.77","8,694.93","47,626.86","18,050.01","17,232.56","8,101.41","43,383.98","91,010.84","16,903.57","5,672.69","5,009.25","27,585.51","10,624.17","10,145.05","4,769.96","25,539.18","53,124.69",,,,,,,,,,,,,,,,,,,,,,,,,,,,,,,,,,,,,,,
2007,June,"28,965.38","9,928.23","8,744.89","47,638.50","18,213.64","17,039.06","8,092.75","43,345.45","90,983.95","16,810.48","5,790.68","5,053.02","27,654.18","10,772.39","10,079.71","4,787.95","25,640.05","53,294.23",,,,,,,,,,,,,,,,,,,,,,,,,,,,,,,,,,,,,,,
2007,May,"29,619.84","9,920.07","9,010.09","48,550.00","18,186.66","16,853.93","8,012.78","43,053.37","91,603.37","17,243.16","5,793.98","5,232.81","28,269.95","10,793.17","10,004.24","4,756.84","25,554.25","53,824.20",,,,,,,,,,,,,,,,,,,,,,,,,,,,,,,,,,,,,,,
2007,April,"27,548.73","9,296.22","8,411.18","45,256.13","17,517.43","15,762.00","7,685.94","40,965.37","86,221.50","16,143.35","5,461.22","4,921.41","26,525.98","10,421.80","9,379.30","4,574.16","24,375.26","50,901.24",,,,,,,,,,,,,,,,,,,,,,,,,,,,,,,,,,,,,,,
2007,March,"28,724.10","9,622.51","8,614.13","46,960.74","18,518.94","16,515.05","7,568.39","42,602.38","89,563.12","16,853.62","5,655.23","5,051.42","27,560.27","11,052.35","9,858.38","4,518.46","25,429.19","52,989.46",,,,,,,,,,,,,,,,,,,,,,,,,,,,,,,,,,,,,,,
2007,February,"26,178.56","8,550.87","7,823.76","42,553.19","16,218.10","14,134.55","6,978.05","37,330.70","79,883.89","15,404.45","5,052.14","4,589.18","25,045.77","9,687.39","8,444.54","4,169.52","22,301.45","47,347.22",,,,,,,,,,,,,,,,,,,,,,,,,,,,,,,,,,,,,,,
2007,January,"27,951.59","8,690.47","7,920.00","44,562.06","16,431.56","14,473.42","7,003.78","37,908.76","82,470.82","16,575.05","5,176.84","4,679.22","26,431.11","9,850.55","8,678.40","4,200.09","22,729.04","49,160.15",,,,,,,,,,,,,,,,,,,,,,,,,,,,,,,,,,,,,,,
2006,December,"30,333.62","12,399.51","9,811.69","52,544.82","18,464.37","15,924.37","7,762.95","42,151.69","94,696.51","18,205.68","7,329.37","6,002.53","31,537.58","11,123.91","9,592.38","4,676.96","25,393.25","56,930.83",,,,,,,,,,,,,,,,,,,,,,,,,,,,,,,,,,,,,,,
2006,November,"28,170.52","9,668.54","8,505.63","46,344.69","15,936.17","14,691.39","7,363.63","37,991.19","84,335.88","16,907.42","5,751.98","5,156.83","27,816.23","9,629.36","8,876.01","4,449.61","22,954.98","50,771.21",,,,,,,,,,,,,,,,,,,,,,,,,,,,,,,,,,,,,,,
2006,October,"27,606.68","8,802.20","8,386.46","44,795.34","16,600.48","15,580.13","7,657.53","39,838.14","84,633.48","16,501.08","5,278.39","4,996.60","26,776.07","10,055.71","9,436.36","4,638.72","24,130.79","50,906.86",,,,,,,,,,,,,,,,,,,,,,,,,,,,,,,,,,,,,,,
2006,September,"27,171.26","8,427.76","8,194.28","43,793.30","16,522.03","15,313.09","7,665.03","39,500.15","83,293.45","16,324.49","5,088.73","4,898.75","26,311.97","10,038.14","9,302.38","4,657.15","23,997.67","50,309.64",,,,,,,,,,,,,,,,,,,,,,,,,,,,,,,,,,,,,,,
2006,August,"28,214.80","8,891.65","8,880.29","45,986.74","17,071.31","16,339.53","7,795.72","41,206.56","87,193.30","17,039.23","5,381.36","5,352.34","27,772.93","10,387.40","9,940.79","4,743.69","25,071.88","52,844.81",,,,,,,,,,,,,,,,,,,,,,,,,,,,,,,,,,,,,,,
2006,July,"28,226.61","8,799.96","8,606.78","45,633.35","16,908.32","16,281.11","7,720.49","40,909.92","86,543.27","17,090.62","5,353.45","5,186.98","27,631.05","10,313.99","9,930.05","4,709.67","24,953.71","52,584.76",,,,,,,,,,,,,,,,,,,,,,,,,,,,,,,,,,,,,,,
2006,June,"27,682.70","8,815.08","8,617.85","45,115.63","16,634.84","15,996.34","7,685.91","40,317.09","85,432.72","16,796.17","5,360.88","5,217.37","27,374.42","10,172.63","9,780.86","4,700.34","24,653.83","52,028.25",,,,,,,,,,,,,,,,,,,,,,,,,,,,,,,,,,,,,,,
2006,May,"28,241.37","8,906.49","8,781.52","45,929.38","16,781.98","16,029.72","7,677.67","40,489.37","86,418.75","17,161.93","5,433.18","5,316.63","27,911.74","10,288.44","9,825.93","4,707.12","24,821.49","52,733.23",,,,,,,,,,,,,,,,,,,,,,,,,,,,,,,,,,,,,,,
2006,April,"26,817.75","8,639.95","8,232.17","43,689.87","16,324.13","15,495.64","7,395.94","39,215.71","82,905.58","16,330.85","5,265.75","5,009.62","26,606.22","10,043.13","9,532.13","4,550.42","24,125.68","50,731.90",,,,,,,,,,,,,,,,,,,,,,,,,,,,,,,,,,,,,,,
2006,March,"27,290.08","8,411.29","8,392.92","44,094.29","16,677.90","15,949.40","7,210.88","39,838.18","83,932.47","16,549.34","5,107.31","5,084.14","26,740.79","10,281.55","9,831.12","4,445.57","24,558.24","51,299.03",,,,,,,,,,,,,,,,,,,,,,,,,,,,,,,,,,,,,,,
2006,February,"24,982.32","7,775.66","7,577.18","40,335.16","14,897.44","13,934.08","6,665.55","35,497.07","75,832.23","15,126.27","4,732.28","4,564.43","24,422.98","9,202.56","8,606.31","4,117.67","21,926.54","46,349.52",,,,,,,,,,,,,,,,,,,,,,,,,,,,,,,,,,,,,,,
2006,January,"26,400.78","7,773.55","7,728.05","41,902.38","15,369.10","14,338.81","6,659.68","36,367.59","78,269.97","15,918.99","4,715.53","4,632.46","25,266.98","9,522.90","8,883.32","4,126.61","22,532.83","47,799.81",,,,,,,,,,,,,,,,,,,,,,,,,,,,,,,,,,,,,,,
2005,December,"29,482.21","11,089.85","9,625.78","50,197.84","16,402.49","15,284.67","7,370.34","39,057.50","89,255.34","17,932.55","6,648.74","5,955.01","30,536.30","10,195.23","9,500.73","4,581.96","24,277.92","54,814.22",,,,,,,,,,,,,,,,,,,,,,,,,,,,,,,,,,,,,,,
2005,November,"27,021.30","8,812.62","8,236.39","44,070.31","14,745.91","14,248.05","7,069.13","36,063.09","80,133.40","16,495.94","5,348.73","5,062.39","26,907.06","9,184.30","8,874.49","4,403.65","22,462.44","49,369.50",,,,,,,,,,,,,,,,,,,,,,,,,,,,,,,,,,,,,,,
2005,October,"26,802.15","8,201.84","8,454.57","43,458.56","15,629.99","14,821.05","7,413.46","37,864.50","81,323.06","16,379.30","5,029.98","5,152.08","26,561.36","9,754.88","9,250.31","4,627.62","23,632.81","50,194.17",,,,,,,,,,,,,,,,,,,,,,,,,,,,,,,,,,,,,,,
2005,September,"26,460.49","7,574.76","8,242.38","42,277.63","15,044.56","14,327.23","7,420.00","36,791.79","79,069.42","16,238.60","4,687.20","5,022.60","25,948.40","9,418.46","8,969.66","4,645.96","23,034.08","48,982.48",,,,,,,,,,,,,,,,,,,,,,,,,,,,,,,,,,,,,,,
2005,August,"27,041.96","7,991.80","8,253.50","43,287.26","15,884.68","15,444.07","7,328.94","38,657.69","81,944.95","16,639.23","4,929.42","5,069.54","26,638.19","9,964.89","9,688.79","4,598.44","24,252.12","50,890.31",,,,,,,,,,,,,,,,,,,,,,,,,,,,,,,,,,,,,,,
2005,July,"27,548.17","8,022.73","7,853.22","43,424.12","16,135.31","15,898.30","7,264.86","39,298.47","82,722.59","16,923.90","4,954.03","4,802.22","26,680.15","10,153.48","10,004.66","4,572.37","24,730.51","51,410.66",,,,,,,,,,,,,,,,,,,,,,,,,,,,,,,,,,,,,,,
2005,June,"26,816.17","7,912.88","7,791.84","42,520.89","15,453.72","15,208.61","7,190.75","37,853.08","80,373.97","16,509.00","4,880.58","4,790.80","26,180.38","9,744.71","9,590.46","4,535.08","23,870.25","50,050.63",,,,,,,,,,,,,,,,,,,,,,,,,,,,,,,,,,,,,,,
2005,May,"27,184.38","7,947.65","7,791.10","42,923.13","15,743.54","15,265.92","7,104.94","38,114.40","81,037.53","16,656.54","4,891.55","4,754.96","26,303.05","9,958.39","9,656.58","4,494.94","24,109.91","50,412.96",,,,,,,,,,,,,,,,,,,,,,,,,,,,,,,,,,,,,,,
2005,April,"25,887.88","7,475.41","7,634.48","40,997.77","15,449.03","14,937.74","7,003.37","37,390.14","78,387.91","15,903.93","4,595.13","4,690.33","25,189.39","9,797.53","9,473.58","4,442.21","23,713.32","48,902.71",,,,,,,,,,,,,,,,,,,,,,,,,,,,,,,,,,,,,,,
2005,March,"26,854.53","7,550.28","7,867.96","42,272.77","15,339.80","14,589.77","6,703.21","36,632.78","78,905.55","16,646.88","4,683.41","4,877.21","26,207.50","9,748.56","9,272.21","4,260.71","23,281.48","49,488.98",,,,,,,,,,,,,,,,,,,,,,,,,,,,,,,,,,,,,,,
2005,February,"24,110.27","6,814.84","6,999.30","37,924.41","14,151.42","13,013.48","6,264.12","33,429.02","71,353.43","14,953.69","4,235.49","4,335.00","23,524.18","9,007.44","8,283.40","3,987.84","21,278.68","44,802.86",,,,,,,,,,,,,,,,,,,,,,,,,,,,,,,,,,,,,,,
2005,January,"26,164.59","6,846.36","7,073.46","40,084.41","14,090.55","13,065.57","6,349.08","33,505.20","73,589.61","16,150.51","4,239.57","4,355.47","24,745.55","8,996.90","8,342.71","4,054.64","21,394.25","46,139.80",,,,,,,,,,,,,,,,,,,,,,,,,,,,,,,,,,,,,,,
2004,December,"28,223.92","9,782.44","9,075.49","47,081.85","15,151.33","14,229.90","7,269.49","36,650.72","83,732.57","17,459.86","5,952.42","5,717.89","29,130.17","9,719.23","9,128.64","4,663.99","23,511.86","52,642.03",,,,,,,,,,,,,,,,,,,,,,,,,,,,,,,,,,,,,,,
2004,November,"25,912.82","7,684.20","7,760.65","41,357.67","13,796.48","13,051.79","7,005.68","33,853.95","75,211.62","16,064.26","4,747.16","4,831.55","25,642.97","8,864.13","8,386.12","4,501.81","21,752.06","47,395.03",,,,,,,,,,,,,,,,,,,,,,,,,,,,,,,,,,,,,,,
2004,October,"25,873.71","7,124.69","7,725.67","40,724.07","14,825.90","13,840.28","7,339.75","36,005.93","76,730.00","16,057.09","4,435.53","4,784.38","25,277.00","9,535.59","8,902.13","4,721.48","23,159.20","48,436.20",,,,,,,,,,,,,,,,,,,,,,,,,,,,,,,,,,,,,,,
2004,September,"25,414.74","6,468.46","7,295.47","39,178.67","14,086.75","13,151.51","7,107.38","34,345.64","73,524.31","15,924.80","4,072.31","4,555.87","24,552.98","9,084.16","8,481.50","4,584.10","22,149.76","46,702.74",,,,,,,,,,,,,,,,,,,,,,,,,,,,,,,,,,,,,,,
2004,August,"25,552.72","6,954.65","7,480.97","39,988.34","14,900.77","14,199.06","7,176.26","36,276.09","76,264.43","15,959.81","4,351.64","4,668.42","24,979.87","9,634.61","9,181.38","4,640.83","23,456.82","48,436.69",,,,,,,,,,,,,,,,,,,,,,,,,,,,,,,,,,,,,,,
2004,July,"26,669.16","6,964.18","7,468.48","41,101.82","15,319.08","14,702.79","7,267.20","37,289.07","78,390.89","16,621.51","4,360.34","4,638.69","25,620.54","9,936.72","9,537.48","4,714.66","24,188.86","49,809.40",,,,,,,,,,,,,,,,,,,,,,,,,,,,,,,,,,,,,,,
2004,June,"25,387.43","6,777.76","7,367.53","39,532.72","14,412.38","13,872.15","7,177.63","35,462.16","74,994.88","15,848.08","4,251.74","4,582.20","24,682.02","9,388.59","9,037.15","4,676.45","23,102.19","47,784.21",,,,,,,,,,,,,,,,,,,,,,,,,,,,,,,,,,,,,,,
2004,May,"26,405.73","7,140.96","7,404.79","40,951.48","14,812.53","14,093.17","7,149.58","36,055.28","77,006.76","16,501.43","4,478.83","4,614.97","25,595.23","9,664.76","9,195.89","4,665.68","23,526.33","49,121.56",,,,,,,,,,,,,,,,,,,,,,,,,,,,,,,,,,,,,,,
2004,April,"25,135.81","6,612.13","7,227.28","38,975.22","14,052.53","13,707.67","6,851.49","34,611.69","73,586.91","15,921.13","4,189.09","4,580.62","24,690.84","9,193.50","8,968.36","4,483.15","22,645.01","47,335.85",,,,,,,,,,,,,,,,,,,,,,,,,,,,,,,,,,,,,,,
2004,March,"25,148.36","6,488.69","7,253.00","38,890.05","14,413.78","13,639.82","6,736.71","34,790.31","73,680.36","15,911.79","4,110.54","4,587.81","24,610.14","9,450.14","8,943.18","4,417.56","22,810.88","47,421.02",,,,,,,,,,,,,,,,,,,,,,,,,,,,,,,,,,,,,,,
2004,February,"23,661.49","6,197.02","6,817.95","36,676.46","13,580.07","12,290.02","6,367.83","32,237.92","68,914.38","14,995.44","3,945.18","4,306.58","23,247.20","8,917.94","8,071.20","4,182.41","21,171.55","44,418.75",,,,,,,,,,,,,,,,,,,,,,,,,,,,,,,,,,,,,,,
2004,January,"25,650.13","6,108.11","6,816.17","38,574.41","13,598.05","12,148.16","6,290.22","32,036.43","70,610.84","16,255.73","3,896.65","4,297.82","24,450.20","8,958.72","8,003.92","4,144.85","21,107.49","45,557.69",,,,,,,,,,,,,,,,,,,,,,,,,,,,,,,,,,,,,,,
2003,December,"26,512.14","8,551.64","8,238.92","43,302.70","13,845.23","13,040.76","6,733.55","33,619.54","76,922.24","16,791.96","5,342.96","5,299.35","27,434.27","9,151.49","8,620.16","4,450.91","22,222.56","49,656.83",,,,,,,,,,,,,,,,,,,,,,,,,,,,,,,,,,,,,,,
2003,November,"25,170.81","6,959.71","6,949.42","39,079.94","13,215.92","12,430.32","6,547.96","32,194.20","71,274.14","16,090.99","4,446.65","4,452.06","24,989.70","8,759.29","8,239.01","4,340.01","21,338.31","46,328.01",,,,,,,,,,,,,,,,,,,,,,,,,,,,,,,,,,,,,,,
2003,October,"25,117.66","6,186.35","7,137.30","38,441.31","13,693.22","13,034.60","6,798.25","33,526.07","71,967.38","16,136.63","3,988.58","4,578.01","24,703.22","9,100.40","8,663.10","4,518.19","22,281.69","46,984.91",,,,,,,,,,,,,,,,,,,,,,,,,,,,,,,,,,,,,,,
2003,September,"24,266.50","5,686.19","6,724.06","36,676.75","13,087.44","12,122.54","6,710.54","31,920.52","68,597.27","15,711.00","3,707.95","4,333.55","23,752.50","8,721.59","8,078.96","4,472.10","21,272.65","45,025.15",,,,,,,,,,,,,,,,,,,,,,,,,,,,,,,,,,,,,,,
2003,August,"25,618.90","6,454.83","6,992.07","39,065.80","14,923.38","13,532.18","7,039.88","35,495.44","74,561.24","16,623.51","4,199.80","4,532.69","25,356.00","9,955.97","9,028.28","4,696.73","23,680.98","49,036.98",,,,,,,,,,,,,,,,,,,,,,,,,,,,,,,,,,,,,,,
2003,July,"25,941.50","6,048.17","6,764.36","38,754.03","14,194.49","13,333.15","6,876.18","34,403.82","73,157.85","16,908.11","3,959.97","4,398.05","25,266.13","9,485.28","8,910.13","4,595.05","22,990.46","48,256.59",,,,,,,,,,,,,,,,,,,,,,,,,,,,,,,,,,,,,,,
2003,June,"24,629.70","6,003.24","6,585.68","37,218.62","13,773.65","12,941.24","6,753.14","33,468.03","70,686.65","16,053.11","3,928.95","4,283.03","24,265.09","9,224.31","8,667.25","4,522.76","22,414.32","46,679.41",,,,,,,,,,,,,,,,,,,,,,,,,,,,,,,,,,,,,,,
2003,May,"25,987.27","6,167.15","6,803.59","38,958.01","14,296.41","13,303.40","6,785.86","34,385.67","73,343.68","17,042.73","4,056.31","4,457.21","25,556.25","9,595.50","8,929.44","4,554.69","23,079.63","48,635.88",,,,,,,,,,,,,,,,,,,,,,,,,,,,,,,,,,,,,,,
2003,April,"24,436.29","5,687.97","6,605.62","36,729.88","12,916.79","12,337.99","6,359.52","31,614.30","68,344.18","16,070.78","3,743.54","4,348.24","24,162.56","8,688.67","8,299.73","4,277.95","21,266.35","45,428.91",,,,,,,,,,,,,,,,,,,,,,,,,,,,,,,,,,,,,,,
2003,March,"24,684.33","5,808.41","6,882.12","37,374.86","13,458.31","12,566.77","6,393.30","32,418.38","69,793.24","16,197.36","3,818.90","4,515.25","24,531.51","9,057.94","8,458.30","4,303.05","21,819.29","46,350.80",,,,,,,,,,,,,,,,,,,,,,,,,,,,,,,,,,,,,,,
2003,February,"22,733.97","5,235.48","6,366.25","34,335.70","11,958.11","10,871.91","5,928.93","28,758.95","63,094.65","14,925.98","3,449.06","4,174.36","22,549.40","8,061.61","7,329.70","3,997.14","19,388.45","41,937.85",,,,,,,,,,,,,,,,,,,,,,,,,,,,,,,,,,,,,,,
2003,January,"24,817.21","5,168.23","6,466.77","36,452.21","12,225.55","11,092.49","5,979.78","29,297.82","65,750.03","16,376.71","3,425.51","4,259.09","24,061.31","8,278.56","7,511.66","4,049.34","19,839.56","43,900.87",,,,,,,,,,,,,,,,,,,,,,,,,,,,,,,,,,,,,,,
2002,December,"25,754.04","7,508.32","7,898.53","41,160.89","13,208.72","11,963.56","6,447.06","31,619.34","72,780.23","17,053.45","4,918.87","5,282.94","27,255.26","8,933.03","8,091.26","4,360.66","21,384.95","48,640.21",,,,,,,,,,,,,,,,,,,,,,,,,,,,,,,,,,,,,,,
2002,November,"24,974.78","6,089.82","6,809.55","37,874.15","12,442.86","11,450.31","6,334.12","30,227.29","68,101.44","16,593.99","4,055.84","4,514.80","25,164.63","8,429.13","7,757.05","4,291.40","20,477.58","45,642.21",,,,,,,,,,,,,,,,,,,,,,,,,,,,,,,,,,,,,,,
2002,October,"24,355.06","5,323.47","6,799.22","36,477.75","12,607.79","11,763.79","6,513.62","30,885.20","67,362.95","16,219.20","3,559.46","4,513.54","24,292.20","8,550.36","7,978.30","4,417.92","20,946.58","45,238.78",,,,,,,,,,,,,,,,,,,,,,,,,,,,,,,,,,,,,,,
2002,September,"23,406.65","4,913.89","6,368.27","34,688.81","12,207.64","11,500.51","6,445.79","30,153.94","64,842.75","15,578.71","3,292.88","4,216.08","23,087.67","8,297.46","7,817.15","4,381.67","20,496.28","43,583.95",,,,,,,,,,,,,,,,,,,,,,,,,,,,,,,,,,,,,,,
2002,August,"25,146.14","5,492.26","6,756.35","37,394.75","13,741.42","12,733.95","6,666.67","33,142.04","70,536.79","16,765.16","3,667.33","4,498.85","24,931.34","9,360.86","8,674.91","4,541.98","22,577.75","47,509.09",,,,,,,,,,,,,,,,,,,,,,,,,,,,,,,,,,,,,,,
2002,July,"25,002.11","5,223.16","6,668.14","36,893.41","13,222.07","12,485.01","6,575.16","32,282.24","69,175.65","16,640.59","3,495.65","4,418.73","24,554.97","9,022.22","8,519.61","4,487.15","22,028.98","46,583.95",,,,,,,,,,,,,,,,,,,,,,,,,,,,,,,,,,,,,,,
2002,June,"24,324.78","5,372.53","6,493.86","36,191.17","13,096.72","12,279.09","6,624.42","32,000.23","68,191.40","16,208.28","3,590.39","4,316.44","24,115.11","8,951.73","8,393.21","4,528.38","21,873.32","45,988.43",,,,,,,,,,,,,,,,,,,,,,,,,,,,,,,,,,,,,,,
2002,May,"25,471.88","5,411.41","6,780.67","37,663.96","13,268.44","12,314.95","6,553.52","32,136.91","69,800.87","16,924.28","3,593.79","4,506.91","25,024.98","9,099.73","8,446.15","4,495.05","22,040.93","47,065.91",,,,,,,,,,,,,,,,,,,,,,,,,,,,,,,,,,,,,,,
2002,April,"23,163.64","4,889.97","6,391.48","34,445.09","12,545.55","11,810.92","6,220.27","30,576.74","65,021.83","15,312.09","3,215.80","4,241.61","22,769.50","8,623.39","8,118.75","4,276.11","21,018.25","43,787.75",,,,,,,,,,,,,,,,,,,,,,,,,,,,,,,,,,,,,,,
2002,March,"25,138.76","5,154.66","6,455.62","36,749.04","13,075.26","12,000.44","6,131.71","31,207.41","67,956.45","16,627.15","3,400.00","4,279.13","24,306.28","8,992.57","8,253.69","4,217.63","21,463.89","45,770.17",,,,,,,,,,,,,,,,,,,,,,,,,,,,,,,,,,,,,,,
2002,February,"22,447.90","4,505.87","5,699.88","32,653.65","11,749.50","10,533.42","5,656.11","27,939.03","60,592.68","14,872.68","2,984.50","3,777.16","21,634.34","8,085.33","7,248.79","3,892.69","19,226.81","40,861.15",,,,,,,,,,,,,,,,,,,,,,,,,,,,,,,,,,,,,,,
2002,January,"24,253.87","4,427.00","5,846.32","34,527.19","11,848.37","10,492.45","5,733.69","28,074.51","62,601.70","16,050.97","2,929.48","3,869.22","22,849.67","8,181.10","7,245.15","3,959.50","19,385.75","42,235.42",,,,,,,,,,,,,,,,,,,,,,,,,,,,,,,,,,,,,,,
2001,December,"26,748.74","6,770.71","7,314.19","40,833.64","12,907.12","11,665.01","6,083.30","30,655.43","71,489.07","17,852.05","4,461.03","4,941.10","27,254.18","8,931.04","8,071.41","4,209.20","21,211.65","48,465.83",,,,,,,,,,,,,,,,,,,,,,,,,,,,,,,,,,,,,,,
2001,November,"24,961.97","5,293.63","6,443.52","36,699.12","11,598.68","10,990.63","5,963.53","28,552.84","65,251.96","16,659.56","3,516.88","4,318.19","24,494.63","8,034.80","7,613.44","4,131.03","19,779.27","44,273.90",,,,,,,,,,,,,,,,,,,,,,,,,,,,,,,,,,,,,,,
2001,October,"24,556.74","4,649.33","6,464.21","35,670.28","11,929.42","11,290.47","6,239.53","29,459.42","65,129.70","16,342.33","3,124.56","4,273.08","23,739.97","8,273.33","7,830.05","4,327.15","20,430.53","44,170.50",,,,,,,,,,,,,,,,,,,,,,,,,,,,,,,,,,,,,,,
2001,September,"24,220.65","4,360.71","6,224.05","34,805.41","11,688.53","10,905.69","6,212.90","28,807.12","63,612.53","16,201.90","2,946.33","4,135.76","23,283.99","8,129.41","7,584.80","4,320.99","20,035.20","43,319.19",,,,,,,,,,,,,,,,,,,,,,,,,,,,,,,,,,,,,,,
2001,August,"25,221.48","4,697.69","6,706.41","36,625.58","13,151.86","12,064.11","6,446.19","31,662.16","68,287.74","16,881.07","3,152.34","4,482.29","24,515.70","9,168.10","8,409.68","4,493.50","22,071.28","46,586.98",,,,,,,,,,,,,,,,,,,,,,,,,,,,,,,,,,,,,,,
2001,July,"24,862.34","4,467.54","6,471.69","35,801.57","12,708.96","11,970.99","6,336.80","31,016.75","66,818.32","16,669.40","3,012.51","4,323.57","24,005.48","8,889.89","8,373.52","4,432.46","21,695.87","45,701.35",,,,,,,,,,,,,,,,,,,,,,,,,,,,,,,,,,,,,,,
2001,June,"24,773.11","4,537.29","6,582.90","35,893.30","12,596.00","11,854.33","6,485.08","30,935.41","66,828.71","16,667.08","3,063.66","4,419.57","24,150.31","8,836.25","8,315.80","4,549.25","21,701.30","45,851.61",,,,,,,,,,,,,,,,,,,,,,,,,,,,,,,,,,,,,,,
2001,May,"25,395.47","4,507.24","6,775.17","36,677.88","12,428.18","11,776.55","6,416.73","30,621.46","67,299.34","17,135.23","3,042.75","4,571.63","24,749.61","8,743.72","8,285.11","4,514.30","21,543.13","46,292.74",,,,,,,,,,,,,,,,,,,,,,,,,,,,,,,,,,,,,,,
2001,April,"23,727.67","4,232.67","6,482.53","34,442.87","11,696.60","11,207.58","6,042.58","28,946.76","63,389.63","16,065.69","2,856.16","4,400.59","23,322.44","8,248.07","7,903.08","4,260.93","20,412.08","43,734.52",,,,,,,,,,,,,,,,,,,,,,,,,,,,,,,,,,,,,,,
2001,March,"24,599.86","4,138.92","6,570.88","35,309.66","12,293.11","11,635.33","5,982.23","29,910.67","65,220.33","16,675.61","2,807.58","4,453.99","23,937.18","8,688.84","8,223.76","4,228.16","21,140.76","45,077.94",,,,,,,,,,,,,,,,,,,,,,,,,,,,,,,,,,,,,,,
2001,February,"22,242.04","3,643.15","6,060.70","31,945.89","11,007.84","10,132.05","5,543.13","26,683.02","58,628.91","15,094.86","2,477.73","4,109.44","21,682.03","7,803.05","7,182.10","3,929.21","18,914.36","40,596.39",,,,,,,,,,,,,,,,,,,,,,,,,,,,,,,,,,,,,,,
2001,January,"23,538.80","3,739.98","6,334.56","33,613.34","11,057.57","10,164.80","5,692.28","26,914.65","60,527.99","16,021.55","2,548.46","4,310.32","22,880.33","7,856.60","7,222.13","4,044.36","19,123.09","42,003.42",,,,,,,,,,,,,,,,,,,,,,,,,,,,,,,,,,,,,,,
2000,December,"26,477.59","5,649.08","7,801.37","39,928.04","11,834.03","11,023.59","6,126.18","28,983.80","68,911.84","18,141.47","3,792.35","5,426.53","27,360.35","8,438.87","7,861.02","4,368.95","20,668.84","48,029.19",,,,,,,,,,,,,,,,,,,,,,,,,,,,,,,,,,,,,,,
2000,November,"24,062.43","4,387.31","6,782.05","35,231.79","11,167.62","10,504.21","5,874.83","27,546.66","62,778.45","16,623.43","3,007.73","4,711.35","24,342.51","7,982.34","7,508.23","4,199.53","19,690.10","44,032.61",,,,,,,,,,,,,,,,,,,,,,,,,,,,,,,,,,,,,,,
2000,October,"23,489.71","3,913.96","6,637.88","34,041.55","11,922.71","10,894.77","6,083.27","28,900.75","62,942.30","16,198.98","2,740.38","4,539.06","23,478.42","8,527.07","7,791.97","4,351.09","20,670.13","44,148.55",,,,,,,,,,,,,,,,,,,,,,,,,,,,,,,,,,,,,,,
2000,September,"23,588.22","3,703.57","6,434.10","33,725.89","11,739.79","10,822.17","6,103.56","28,665.52","62,391.41","16,276.54","2,592.74","4,405.20","23,274.48","8,411.06","7,753.71","4,373.30","20,538.07","43,812.55",,,,,,,,,,,,,,,,,,,,,,,,,,,,,,,,,,,,,,,
2000,August,"24,250.64","3,906.14","6,536.92","34,693.70","12,047.82","11,447.89","6,270.26","29,765.97","64,459.67","16,743.54","2,715.49","4,497.52","23,956.55","8,657.21","8,226.21","4,506.00","21,389.42","45,345.97",,,,,,,,,,,,,,,,,,,,,,,,,,,,,,,,,,,,,,,
2000,July,"24,465.33","3,798.91","6,377.48","34,641.72","12,210.19","11,540.93","6,272.59","30,023.71","64,665.43","16,951.98","2,659.53","4,394.42","24,005.93","8,794.65","8,312.68","4,518.34","21,625.67","45,631.60",,,,,,,,,,,,,,,,,,,,,,,,,,,,,,,,,,,,,,,
2000,June,"23,997.00","3,857.46","6,511.21","34,365.67","11,801.32","11,482.65","6,255.86","29,539.83","63,905.50","16,726.87","2,706.36","4,523.75","23,956.98","8,525.35","8,295.23","4,519.64","21,340.22","45,297.20",,,,,,,,,,,,,,,,,,,,,,,,,,,,,,,,,,,,,,,
2000,May,"24,147.72","3,764.87","6,464.25","34,376.84","11,871.51","11,272.03","6,106.98","29,250.52","63,627.36","16,811.82","2,615.03","4,509.29","23,936.14","8,591.35","8,157.59","4,419.96","21,168.90","45,105.04",,,,,,,,,,,,,,,,,,,,,,,,,,,,,,,,,,,,,,,
2000,April,"23,352.95","3,507.07","6,123.26","32,983.28","11,667.16","10,887.61","5,813.40","28,368.17","61,351.45","16,356.15","2,438.17","4,309.45","23,103.77","8,453.51","7,888.76","4,212.49","20,554.76","43,658.53",,,,,,,,,,,,,,,,,,,,,,,,,,,,,,,,,,,,,,,
2000,March,"23,508.82","3,558.18","6,419.58","33,486.58","11,903.97","10,911.12","5,839.16","28,654.25","62,140.83","16,475.22","2,493.73","4,501.46","23,470.41","8,635.36","7,915.21","4,236.19","20,786.76","44,257.17",,,,,,,,,,,,,,,,,,,,,,,,,,,,,,,,,,,,,,,
2000,February,"21,523.02","3,127.47","6,062.91","30,713.40","10,928.70","9,892.81","5,482.87","26,304.38","57,017.78","15,092.62","2,200.22","4,246.82","21,539.66","7,942.07","7,189.35","3,984.83","19,116.25","40,655.91",,,,,,,,,,,,,,,,,,,,,,,,,,,,,,,,,,,,,,,
2000,January,"22,126.63","3,040.43","5,772.02","30,939.08","10,470.97","9,696.50","5,324.58","25,492.05","56,431.13","15,515.88","2,132.40","4,049.65","21,697.93","7,627.64","7,063.55","3,879.04","18,570.23","40,268.16",,,,,,,,,,,,,,,,,,,,,,,,,,,,,,,,,,,,,,,
1999,December,"26,617.47","4,945.35","7,398.08","38,960.90","11,235.57","10,768.89","5,470.61","27,475.07","66,435.97","18,766.63","3,447.31","5,257.19","27,471.13","8,205.49","7,864.85","3,995.56","20,065.90","47,537.03",,,,,,,,,,,,,,,,,,,,,,,,,,,,,,,,,,,,,,,
1999,November,"23,245.47","3,629.35","6,198.96","33,073.78","10,716.43","10,090.87","5,099.62","25,906.92","58,980.70","16,418.98","2,559.74","4,383.81","23,362.53","7,840.45","7,382.95","3,731.32","18,954.72","42,317.25",,,,,,,,,,,,,,,,,,,,,,,,,,,,,,,,,,,,,,,
1999,October,"23,561.41","3,292.95","6,022.01","32,876.37","11,566.69","10,700.78","5,223.14","27,490.61","60,366.98","16,642.14","2,351.18","4,229.76","23,223.08","8,477.81","7,843.32","3,828.60","20,149.73","43,372.81",,,,,,,,,,,,,,,,,,,,,,,,,,,,,,,,,,,,,,,
1999,September,"23,330.22","3,089.30","5,836.49","32,256.01","10,780.41","10,038.24","5,187.24","26,005.89","58,261.90","16,538.95","2,214.44","4,114.59","22,867.98","7,920.56","7,375.45","3,811.45","19,107.46","41,975.44",,,,,,,,,,,,,,,,,,,,,,,,,,,,,,,,,,,,,,,
1999,August,"23,568.10","3,221.72","5,929.39","32,719.21","11,431.58","10,718.33","5,389.79","27,539.70","60,258.91","16,748.31","2,302.98","4,201.63","23,252.92","8,409.13","7,884.64","3,965.07","20,258.84","43,511.76",,,,,,,,,,,,,,,,,,,,,,,,,,,,,,,,,,,,,,,
1999,July,"24,775.36","3,160.69","5,843.40","33,779.45","11,569.40","11,005.22","5,427.60","28,002.22","61,781.67","17,649.25","2,267.75","4,148.05","24,065.05","8,536.29","8,120.21","4,004.98","20,661.48","44,726.53",,,,,,,,,,,,,,,,,,,,,,,,,,,,,,,,,,,,,,,
1999,June,"23,288.59","3,191.41","5,812.01","32,292.01","11,053.49","10,549.08","5,362.49","26,965.06","59,257.07","16,590.12","2,284.23","4,131.03","23,005.38","8,180.41","7,807.28","3,968.94","19,956.63","42,962.01",,,,,,,,,,,,,,,,,,,,,,,,,,,,,,,,,,,,,,,
1999,May,"24,150.17","3,175.27","5,837.75","33,163.19","11,292.52","10,869.00","5,249.81","27,411.33","60,574.52","17,182.89","2,251.07","4,163.24","23,597.20","8,357.30","8,044.05","3,885.55","20,286.90","43,884.10",,,,,,,,,,,,,,,,,,,,,,,,,,,,,,,,,,,,,,,
1999,April,"22,827.69","2,890.89","5,722.31","31,440.89","11,022.73","10,260.12","5,002.26","26,285.11","57,726.00","16,281.68","2,045.28","4,099.47","22,426.43","8,162.60","7,598.04","3,704.59","19,465.23","41,891.66",,,,,,,,,,,,,,,,,,,,,,,,,,,,,,,,,,,,,,,
1999,March,"23,201.61","2,944.63","5,761.82","31,908.06","10,824.70","10,090.87","4,901.04","25,816.61","57,724.67","16,558.51","2,090.96","4,124.13","22,773.60","8,030.60","7,486.36","3,636.26","19,153.22","41,926.82",,,,,,,,,,,,,,,,,,,,,,,,,,,,,,,,,,,,,,,
1999,February,"20,943.20","2,542.24","5,190.60","28,676.04","9,911.28","9,141.44","4,583.84","23,636.56","52,312.60","14,910.22","1,800.00","3,706.60","20,416.82","7,370.91","6,798.54","3,409.22","17,578.67","37,995.49",,,,,,,,,,,,,,,,,,,,,,,,,,,,,,,,,,,,,,,
1999,January,"22,506.55","2,620.31","5,273.35","30,400.21","9,975.50","9,248.76","4,564.92","23,789.18","54,189.39","15,974.46","1,869.24","3,734.83","21,578.53","7,432.28","6,890.98","3,401.38","17,724.64","39,303.17",,,,,,,,,,,,,,,,,,,,,,,,,,,,,,,,,,,,,,,
1998,December,"25,012.75","3,860.11","6,674.73","35,547.59","10,868.61","10,174.40","4,851.75","25,894.76","61,442.35","17,942.96","2,706.14","4,852.58","25,501.68","8,120.95","7,602.55","3,625.42","19,348.92","44,850.60",,,,,,,,,,,,,,,,,,,,,,,,,,,,,,,,,,,,,,,
1998,November,"22,541.45","3,027.20","5,718.43","31,287.08","10,210.16","9,647.59","4,579.44","24,437.19","55,724.27","16,180.12","2,166.98","4,111.93","22,459.03","7,647.73","7,226.63","3,430.35","18,304.71","40,763.74",,,,,,,,,,,,,,,,,,,,,,,,,,,,,,,,,,,,,,,
1998,October,"23,167.50","2,727.84","5,730.39","31,625.73","10,988.33","10,387.81","4,752.27","26,128.41","57,754.14","16,629.50","1,983.95","4,088.68","22,702.13","8,245.82","7,795.49","3,566.40","19,607.71","42,309.84",,,,,,,,,,,,,,,,,,,,,,,,,,,,,,,,,,,,,,,
1998,September,"22,263.20","2,507.41","5,417.48","30,188.09","10,343.25","9,787.80","4,687.26","24,818.31","55,006.40","16,109.27","1,843.69","3,891.94","21,844.90","7,771.31","7,354.27","3,521.95","18,647.53","40,492.43",,,,,,,,,,,,,,,,,,,,,,,,,,,,,,,,,,,,,,,
1998,August,"23,171.99","2,637.43","5,552.10","31,361.52","11,041.70","10,587.81","4,875.04","26,504.55","57,866.07","16,746.07","1,915.85","4,003.97","22,665.89","8,326.90","7,984.94","3,676.65","19,988.49","42,654.38",,,,,,,,,,,,,,,,,,,,,,,,,,,,,,,,,,,,,,,
1998,July,"23,805.52","2,570.24","5,641.52","32,017.28","10,951.93","10,557.92","4,915.40","26,425.25","58,442.53","17,268.11","1,884.01","4,074.04","23,226.16","8,279.72","7,982.16","3,716.30","19,978.18","43,204.34",,,,,,,,,,,,,,,,,,,,,,,,,,,,,,,,,,,,,,,
1998,June,"22,420.28","2,597.37","5,600.73","30,618.38","10,722.50","10,230.08","4,884.00","25,836.58","56,454.96","16,293.68","1,901.48","4,057.72","22,252.88","8,126.44","7,753.55","3,701.74","19,581.73","41,834.61",,,,,,,,,,,,,,,,,,,,,,,,,,,,,,,,,,,,,,,
1998,May,"23,348.51","2,623.79","5,582.61","31,554.91","10,944.19","10,677.51","4,779.69","26,401.39","57,956.30","16,947.14","1,896.56","4,061.30","22,905.00","8,299.63","8,097.70","3,624.95","20,022.28","42,927.28",,,,,,,,,,,,,,,,,,,,,,,,,,,,,,,,,,,,,,,
1998,April,"22,129.31","2,442.54","5,497.98","30,069.83","10,302.18","9,845.53","4,522.63","24,670.34","54,740.17","16,112.34","1,766.21","4,016.60","21,895.15","7,832.26","7,485.39","3,438.55","18,756.20","40,651.35",,,,,,,,,,,,,,,,,,,,,,,,,,,,,,,,,,,,,,,
1998,March,"21,886.22","2,331.23","5,422.34","29,639.79","10,451.13","9,721.82","4,425.10","24,598.05","54,237.84","15,935.35","1,694.69","3,951.97","21,582.01","7,960.41","7,405.20","3,370.73","18,736.34","40,318.35",,,,,,,,,,,,,,,,,,,,,,,,,,,,,,,,,,,,,,,
1998,February,"19,975.90","2,054.14","5,090.48","27,120.52","9,546.85","8,585.72","4,175.41","22,307.98","49,428.50","14,562.62","1,491.80","3,717.89","19,772.31","7,285.30","6,552.11","3,186.50","17,023.91","36,796.22",,,,,,,,,,,,,,,,,,,,,,,,,,,,,,,,,,,,,,,
1998,January,"22,019.37","2,115.79","5,187.19","29,322.35","9,576.70","8,878.51","4,192.75","22,647.96","51,970.31","15,952.62","1,543.95","3,748.19","21,244.76","7,326.45","6,792.58","3,207.78","17,326.81","38,571.57",,,,,,,,,,,,,,,,,,,,,,,,,,,,,,,,,,,,,,,
1997,December,"23,866.49","3,141.13","6,617.07","33,624.69","10,230.63","9,365.25","4,443.22","24,039.10","57,663.79","17,485.42","2,240.35","4,909.97","24,635.74","7,838.48","7,175.19","3,404.39","18,418.06","43,053.80",,,,,,,,,,,,,,,,,,,,,,,,,,,,,,,,,,,,,,,
1997,November,"22,395.35","2,443.91","5,675.17","30,514.43","9,733.14","9,010.91","4,254.66","22,998.71","53,513.14","16,417.92","1,776.23","4,176.85","22,371.00","7,476.12","6,921.12","3,268.14","17,665.38","40,036.38",,,,,,,,,,,,,,,,,,,,,,,,,,,,,,,,,,,,,,,
1997,October,"22,611.10","2,221.99","5,729.84","30,562.93","10,394.29","9,546.54","4,421.01","24,361.84","54,924.77","16,586.51","1,651.41","4,182.73","22,420.65","8,004.14","7,351.07","3,404.50","18,759.71","41,180.36",,,,,,,,,,,,,,,,,,,,,,,,,,,,,,,,,,,,,,,
1997,September,"21,726.31","1,989.22","5,463.54","29,179.07","10,083.46","9,197.35","4,405.83","23,686.64","52,865.71","15,977.66","1,485.55","3,996.24","21,459.45","7,784.47","7,100.14","3,401.41","18,286.02","39,745.47",,,,,,,,,,,,,,,,,,,,,,,,,,,,,,,,,,,,,,,
1997,August,"23,147.08","2,176.10","5,616.11","30,939.29","11,063.93","10,100.71","4,590.88","25,755.52","56,694.81","17,033.25","1,601.52","4,133.57","22,768.34","8,563.11","7,817.32","3,553.29","19,933.72","42,702.06",,,,,,,,,,,,,,,,,,,,,,,,,,,,,,,,,,,,,,,
1997,July,"23,297.43","2,109.96","5,607.20","31,014.59","10,600.75","9,992.55","4,582.76","25,176.06","56,190.65","17,230.86","1,579.53","4,129.16","22,939.55","8,220.29","7,748.39","3,553.78","19,522.46","42,462.01",,,,,,,,,,,,,,,,,,,,,,,,,,,,,,,,,,,,,,,
1997,June,"22,015.73","2,096.09","5,545.54","29,657.36","9,992.53","9,845.25","4,529.39","24,367.17","54,024.53","16,324.31","1,555.67","4,111.48","21,991.46","7,773.39","7,658.54","3,523.61","18,955.54","40,947.00",,,,,,,,,,,,,,,,,,,,,,,,,,,,,,,,,,,,,,,
1997,May,"23,432.74","2,149.88","5,610.42","31,193.04","10,509.64","10,112.04","4,447.09","25,068.77","56,261.81","17,352.94","1,589.65","4,158.24","23,100.83","8,191.35","7,881.17","3,466.22","19,538.74","42,639.57",,,,,,,,,,,,,,,,,,,,,,,,,,,,,,,,,,,,,,,
1997,April,"21,509.06","1,914.52","5,403.54","28,827.12","9,831.41","9,332.29","4,205.16","23,368.86","52,195.98","15,928.37","1,416.12","4,004.20","21,348.69","7,667.63","7,278.10","3,279.75","18,225.48","39,574.17",,,,,,,,,,,,,,,,,,,,,,,,,,,,,,,,,,,,,,,
1997,March,"22,756.94","1,969.54","5,613.02","30,339.50","10,093.29","9,340.53","4,159.77","23,593.59","53,933.09","16,831.10","1,446.53","4,162.58","22,440.21","7,881.97","7,293.87","3,248.51","18,424.35","40,864.56",,,,,,,,,,,,,,,,,,,,,,,,,,,,,,,,,,,,,,,
1997,February,"20,104.82","1,694.26","5,246.76","27,045.84","9,094.30","8,255.88","3,922.10","21,272.28","48,318.12","14,869.59","1,259.08","3,875.43","20,004.10","7,120.10","6,463.46","3,070.77","16,654.33","36,658.43",,,,,,,,,,,,,,,,,,,,,,,,,,,,,,,,,,,,,,,
1997,January,"22,020.99","1,747.02","5,372.48","29,140.49","9,153.22","8,302.23","3,960.81","21,416.26","50,556.75","16,266.17","1,318.11","3,941.81","21,526.09","7,180.08","6,512.30","3,107.07","16,799.45","38,325.54",,,,,,,,,,,,,,,,,,,,,,,,,,,,,,,,,,,,,,,
"Note: The September 2025 revision reflects updated source data from the 2022 Annual Retail Trade Survey of the U.S. Department of Commerce, Bureau of the Census and changes from the 2022 Economic Census of the U.S. Department of Commerce, Bureau of the Census, resulting in updated estimates since 1997. These estimates are for sales only and exclude food furnished, donated, home produced, and served at educational institutions. The monthly sales are benchmarked to the annual sales. ",,,,,,,,,,,,,,,,,,,,,,,,,,,,,,,,,,,,,,,,,,,,,,,,,,,,,,,,,,
"Source: Calculated by USDA, Economic Research Service (ERS) from various sources, September 29, 2025. See the USDA, ERS report, Measuring the Value of the U.S. Food System: Revisions to the Food Expenditure Series (2018) and the Food Expenditure Series Documentation page for more details. ",,,,,,,,,,,,,,,,,,,,,,,,,,,,,,,,,,,,,,,,,,,,,,,,,,,,,,,,,,
